DSB STEP 40 (() => { const B=window.__ooga;return {scene:B?.scene,frames:B?.renderedFrames||0,curtain:!!document.getElementById("curtain"),renderer:B?.renderer?.k
DSB DONE 52
DSB STEP 95 (() => { const B=window.__ooga;return {scene:B?.scene,frames:B?.renderedFrames||0,curtain:!!document.getElementById("curtain"),renderer:B?.renderer?.k
DSB DONE 95
DSB STEP 137 (() => { const B=window.__ooga;return {scene:B?.scene,frames:B?.renderedFrames||0,curtain:!!document.getElementById("curtain"),renderer:B?.renderer?.k
DSB DONE 138
DSB STEP 179 (() => { const B=window.__ooga;return {scene:B?.scene,frames:B?.renderedFrames||0,curtain:!!document.getElementById("curtain"),renderer:B?.renderer?.k
DSB DONE 180
DSB STEP 220 (() => { const B=window.__ooga;return {scene:B?.scene,frames:B?.renderedFrames||0,curtain:!!document.getElementById("curtain"),renderer:B?.renderer?.k
DSB DONE 221
DSB STEP 264 (() => { const B=window.__ooga;return {scene:B?.scene,frames:B?.renderedFrames||0,curtain:!!document.getElementById("curtain"),renderer:B?.renderer?.k
DSB DONE 264
DSB STEP 306 (() => { const B=window.__ooga;return {scene:B?.scene,frames:B?.renderedFrames||0,curtain:!!document.getElementById("curtain"),renderer:B?.renderer?.k
DSB DONE 306
DSB STEP 349 (() => { const B=window.__ooga;return {scene:B?.scene,frames:B?.renderedFrames||0,curtain:!!document.getElementById("curtain"),renderer:B?.renderer?.k
DSB DONE 4289
DSB STEP 4331 (() => { const B=window.__ooga;return {scene:B?.scene,frames:B?.renderedFrames||0,curtain:!!document.getElementById("curtain"),renderer:B?.renderer?.k
DSB DONE 4343
DSB STEP 4386 (() => { const B=window.__ooga;return {scene:B?.scene,frames:B?.renderedFrames||0,curtain:!!document.getElementById("curtain"),renderer:B?.renderer?.k
DSB DONE 4387
DSB STEP 4428 (() => { const B=window.__ooga;return {scene:B?.scene,frames:B?.renderedFrames||0,curtain:!!document.getElementById("curtain"),renderer:B?.renderer?.k
DSB DONE 4435
DSB STEP 4476 (() => { const B=window.__ooga;return {scene:B?.scene,frames:B?.renderedFrames||0,curtain:!!document.getElementById("curtain"),renderer:B?.renderer?.k
DSB DONE 4477
DSB STEP 4520 (() => { const B=window.__ooga;return {scene:B?.scene,frames:B?.renderedFrames||0,curtain:!!document.getElementById("curtain"),renderer:B?.renderer?.k
DSB DONE 4523
DSB STEP 4523 new Promise((resolve) => { const t0 = performance.now(); const tick = () => { if (window.BL.scene.tweenCount() === 0 || performance.now() - t0 > 4000)
DSB DONE 4583
DSB STEP 4583 (() => { const B = __ooga, C = B.clankers, siteIndex = C.sites.findIndex(s => s.mirrorRoom), site = C.sites[siteIndex], m = site.mouth, e = C.list[0],
DSB DONE 11468
CHECK PASS mirror clanker: the safe chamber expands, entry continues straight inward, runs cross from side to side at varied depths behind the glass, and a compact glyphed lever is mounted within reach on the back wall {"room":{"w":6.25,"h":4,"from":0.75,"to":6.75},"entry":{"turn":false,"goal":-3.4999999999999987},"minX":-1.2319086454085153,"maxX":1.2031817643852243,"minZ":-4.920000000000001,"maxZ":-3.446627685823171,"distance":24.336,"recoveries":0,"equipment":0,"leverY":1.2,"leverScale":0.82,"leverZ":-6.71,"leverTagged":true,"leverNative":false,"leverParts":3,"leverLabels":1,"gripParts":1}
CHECK PASS mirror clanker stays inside: clean console 11.5s 
DSB STEP 27 (() => { const B=window.__ooga;return {scene:B?.scene,frames:B?.renderedFrames||0,curtain:!!document.getElementById("curtain"),renderer:B?.renderer?.k
DSB DONE 38
DSB STEP 98 (() => { const B=window.__ooga;return {scene:B?.scene,frames:B?.renderedFrames||0,curtain:!!document.getElementById("curtain"),renderer:B?.renderer?.k
DSB DONE 98
DSB STEP 141 (() => { const B=window.__ooga;return {scene:B?.scene,frames:B?.renderedFrames||0,curtain:!!document.getElementById("curtain"),renderer:B?.renderer?.k
DSB DONE 141
DSB STEP 182 (() => { const B=window.__ooga;return {scene:B?.scene,frames:B?.renderedFrames||0,curtain:!!document.getElementById("curtain"),renderer:B?.renderer?.k
DSB DONE 183
DSB STEP 225 (() => { const B=window.__ooga;return {scene:B?.scene,frames:B?.renderedFrames||0,curtain:!!document.getElementById("curtain"),renderer:B?.renderer?.k
DSB DONE 226
DSB STEP 268 (() => { const B=window.__ooga;return {scene:B?.scene,frames:B?.renderedFrames||0,curtain:!!document.getElementById("curtain"),renderer:B?.renderer?.k
DSB DONE 269
DSB STEP 311 (() => { const B=window.__ooga;return {scene:B?.scene,frames:B?.renderedFrames||0,curtain:!!document.getElementById("curtain"),renderer:B?.renderer?.k
DSB STEP 360 (() => { const B=window.__ooga;return {scene:B?.scene,frames:B?.renderedFrames||0,curtain:!!document.getElementById("curtain"),renderer:B?.renderer?.k
DSB DONE 4662
DSB STEP 4704 (() => { const B=window.__ooga;return {scene:B?.scene,frames:B?.renderedFrames||0,curtain:!!document.getElementById("curtain"),renderer:B?.renderer?.k
DSB DONE 4733
DSB STEP 4775 (() => { const B=window.__ooga;return {scene:B?.scene,frames:B?.renderedFrames||0,curtain:!!document.getElementById("curtain"),renderer:B?.renderer?.k
DSB DONE 4780
DSB STEP 4822 (() => { const B=window.__ooga;return {scene:B?.scene,frames:B?.renderedFrames||0,curtain:!!document.getElementById("curtain"),renderer:B?.renderer?.k
DSB DONE 4828
DSB STEP 4869 (() => { const B=window.__ooga;return {scene:B?.scene,frames:B?.renderedFrames||0,curtain:!!document.getElementById("curtain"),renderer:B?.renderer?.k
DSB DONE 4875
DSB STEP 4916 (() => { const B=window.__ooga;return {scene:B?.scene,frames:B?.renderedFrames||0,curtain:!!document.getElementById("curtain"),renderer:B?.renderer?.k
DSB DONE 4926
DSB STEP 4926 new Promise((resolve) => { const t0 = performance.now(); const tick = () => { if (window.BL.scene.tweenCount() === 0 || performance.now() - t0 > 4000)
DSB DONE 4960
DSB STEP 4960 (() => {
  const B = window.__ooga, a = B.cavemen.get("portlandhodl");
  if (B.crew.player !== a) B.pilot.possess(a);
  const r = B.headquarters.break
DSB DONE 5198
DSB STEP 5221 window.__ooga.advance(0.4, 1 / 60)
DSB DONE 5444
DSB STEP 5444 (() => {
    const B = __ooga, P = B.pilot, C = B.camera, S = BL.scene, node = __target.owner.node;
    S.updateWorld(node, node.parent.world);
    co
DSB DONE 6047
DSB STEP 6047 (() => { const w = window.__ooga.crew.player.weapon; return { ammo: w.ammo, spares: w.spareAmmo.slice(), shots: w.shotsFired, aiming: w.aiming }; })()
DSB DONE 6053
DSB STEP 6057 window.__ooga.advance(0.7, 1 / 60)
DSB DONE 6819
DSB STEP 6819 (() => { const w = window.__ooga.crew.player.weapon; return { ammo: w.ammo, spares: w.spareAmmo.slice(), shots: w.shotsFired, aiming: w.aiming }; })()
DSB DONE 6826
DSB STEP 6828 window.__ooga.advance(0.7, 1 / 60)
DSB DONE 7379
DSB STEP 7379 (() => { const w = window.__ooga.crew.player.weapon; return { ammo: w.ammo, spares: w.spareAmmo.slice(), shots: w.shotsFired, aiming: w.aiming }; })()
DSB DONE 7386
DSB STEP 7399 window.__ooga.advance(0.7, 1 / 60)
DSB DONE 8036
DSB STEP 8036 (() => { const w = window.__ooga.crew.player.weapon; return { ammo: w.ammo, spares: w.spareAmmo.slice(), shots: w.shotsFired, aiming: w.aiming }; })()
DSB DONE 8043
DSB STEP 8043 window.__target.broken || window.__target.health < 9
DSB DONE 8050
DSB STEP 8050 (() => { const B = __ooga; if (B.pilot.aiming) B.pilot.modeAction("mode-toggle"); B.advance(0.3, 1 / 60); })()
DSB DONE 8481
DSB STEP 8499 window.__ooga.advance(0.8, 1 / 60)
DSB DONE 8943
DSB STEP 8943 (() => { const w = window.__ooga.crew.player.weapon; return { ammo: w.ammo, spares: w.spareAmmo.slice(), shots: w.shotsFired, aiming: w.aiming }; })()
DSB DONE 8948
CHECK PASS hub ak: V fires a burst of three from the magazine, an empty magazine fires nothing, the bananas hit, and R swaps in the full spare without aiming {"aimed":true,"start":{"ammo":6,"spares":[30],"shots":0,"aiming":true},"one":{"ammo":3,"spares":[30],"shots":3,"aiming":true},"two":{"ammo":0,"spares":[30],"shots":6,"aiming":true},"dry":{"ammo":0,"spares":[30],"shots":6,"aiming":true},"hit":true,"swapped":{"ammo":30,"spares":[0],"shots":6,"aiming":false}}
CHECK PASS hub ak: clean console 8.9s 
DSB STEP 8958 (() => { const B = __ooga, P = B.pilot; if (!P.aiming) P.modeAction("mode-toggle"); if (P.birdsEye) P.hooks.onZoom(0.001); B.advance(1, 1 / 60); })()
DSB DONE 9661
DSB STEP 9661 (() => {
  const B = window.__ooga, a = B.cavemen.get("portlandhodl");
  if (B.crew.player !== a) B.pilot.possess(a);
  const r = B.headquarters.break
DSB DONE 9808
DSB STEP 9808 window.__target.broken
DSB DONE 10220
DSB STEP 10241 window.__ooga.advance(0.65, 1 / 60)
DSB DONE 10529
DSB STEP 10529 window.__target.broken
DSB DONE 10535
DSB STEP 10536 (() => {
  const B = window.__ooga, a = B.cavemen.get("portlandhodl");
  if (B.crew.player !== a) B.pilot.possess(a);
  const r = B.headquarters.break
DSB DONE 10654
DSB STEP 10654 window.__target.broken
DSB DONE 10670
DSB STEP 10678 window.__ooga.advance(0.65, 1 / 60)
DSB DONE 10911
DSB STEP 10911 window.__target.broken
DSB DONE 10916
DSB STEP 10925 window.__ooga.advance(0.65, 1 / 60)
DSB DONE 11147
DSB STEP 11147 window.__target.broken
DSB DONE 11152
DSB STEP 11153 (() => {
  const B = window.__ooga, a = B.cavemen.get("portlandhodl");
  if (B.crew.player !== a) B.pilot.possess(a);
  const r = B.headquarters.break
DSB DONE 11294
DSB STEP 11294 window.__target.broken
DSB DONE 11300
DSB STEP 11309 window.__ooga.advance(0.65, 1 / 60)
DSB DONE 11528
DSB STEP 11529 window.__target.broken
DSB DONE 11534
DSB STEP 11542 window.__ooga.advance(0.65, 1 / 60)
DSB DONE 11763
DSB STEP 11763 window.__target.broken
DSB DONE 11768
DSB STEP 11778 window.__ooga.advance(0.65, 1 / 60)
DSB DONE 12013
DSB STEP 12013 window.__target.broken
DSB DONE 12018
DSB STEP 12027 window.__ooga.advance(0.65, 1 / 60)
DSB DONE 12255
DSB STEP 12256 window.__target.broken
DSB DONE 12261
DSB STEP 12261 (() => {
    const r = window.__target, B = window.__ooga, a = B.crew.player, origin = { ...r.owner.node.position };
    const distance = () => Math.h
DSB DONE 22129
CHECK PASS hub melee: one swing breaks a box, two a barrel and four a rock, and a broken rock is back whole within a minute {"swings":{"crate":{"health":4,"n":1},"barrel":{"health":9,"n":2},"rock":{"health":17,"n":4}},"back":{"t":51,"health":17,"active":true,"occupiedDistance":1.175,"clearedDistance":11.203186224359344,"footprint":0.9,"bodyRadius":0.8087313968618779}}
DSB STEP 22129 (() => {
  const B = window.__ooga, a = B.cavemen.get("portlandhodl");
  if (B.crew.player !== a) B.pilot.possess(a);
  const r = B.headquarters.break
DSB DONE 22589
DSB STEP 22589 (() => {
    const B = window.__ooga, crew = B.crew, a = crew.player, r = window.__target;
    const center = BL.scene.boundsOf(r.owner.node.geometry)
DSB DONE 23196
CHECK PASS hub melee: focused quick taps start at normal power, rapid contacts recover linearly after 0.1s and every hit restarts recovery {"ready":1,"recovered":1,"rows":[{"wait":0,"damage":5,"after":0.25},{"wait":0.05,"damage":1.25,"after":0.25},{"wait":0.1,"damage":1.2500000000019185,"after":0.25},{"wait":0.15,"damage":3.1250000000028777,"after":0.25},{"wait":0.2,"damage":5,"after":0.25}],"last":5,"switched":0.25,"finalDamage":1.25,"chargedDamage":10,"labels":["5","5","5","5","5","5","1.5","5","1.5","5","1.5","5","1.5","5","1.5","5","1.5","5","1.5","5","1.5","5","1.5","5","1.5","5","1.5","1.5","5","1.5","1.5","5","1.5","1.5","5","1.5","1.5","5","1.5","1.5","5","1.5","1.5","5","1.5","1.5","5","1.5","1.5","5","1.5","1.5","5","1.5","1.5","5","1.5","1.5","5","1.5","1.5","5","1.5","1.5","5","1.5","1.5","5","1.5","1.5","5","1.5","1.5","3","5","1.5","1.5","3","5","1.5","1.5","3","5","1.5","1.5","3","5","1.5","1.5","3","5","1.5","1.5","3","5","1.5","1.5","3","5","1.5","1.5","3","5","1.5","1.5","3","5","1.5","1.5","3","5","1.5","1.5","3","5","1.5","1.5","3","5","1.5","1.5","3","5","1.5","1.5","3","5","1.5","1.5","3","5","1.5","1.5","3","5","1.5","1.5","3","5","1.5","1.5","3","5","1.5","1.5","3","5","1.5","1.5","3","5","1.5","1.5","3","5","5","1.5","1.5","3","5","5","1.5","1.5","3","5","5","1.5","1.5","3","5","5","1.5","1.5","3","5","5","1.5","1.5","3","5","5","1.5","1.5","3","5","5","1.5","1.5","3","5","5","1.5","1.5","3","5","5","1.5","1.5","3","5","5","1.5","1.5","3","5","5","1.5","1.5","3","5","5","1.5","1.5","3","5","5","1.5","1.5","3","5","5","1.5","1.5","3","5","5","1.5","1.5","3","5","5","1.5","1.5","3","5","5","1.5","1.5","3","5","5","1.5","1.5","3","5","5","1.5","1.5","3","5","5","1.5","1.5","3","5","5","1.5","5","1.5","1.5","3","5","5","1.5","5","1.5","1.5","3","5","5","1.5","5","1.5","1.5","3","5","5","1.5","5","1.5","1.5","3","5","5","1.5","5","1.5","1.5","3","5","5","1.5","5","1.5","1.5","3","5","5","1.5","5","1.5","1.5","3","5","5","1.5","5","1.5","1.5","3","5","5","1.5","1.5","1.5","3","5","5","1.5","1.5","1.5","3","5","5","1.5","1.5","1.5","3","5","5","1.5","1.5","1.5","3","5","5","1.5","1.5","1.5","3","5","5","1.5","1.5","3","5","5","1.5","1.5","3","5","5","1.5","1.5","3","5","5","1.5","1.5","3","5","5","1.5","1.5","3","5","5","1.5","1.5","3","5","5","1.5","1.5","3","5","5","1.5","1.5","3","5","5","1.5","10"]}
CHECK PASS hub melee: red damage numbers round full hit power to half points ["5","5","5","5","5","5","1.5","5","1.5","5","1.5","5","1.5","5","1.5","5","1.5","5","1.5","5","1.5","5","1.5","5","1.5","5","1.5","1.5","5","1.5","1.5","5","1.5","1.5","5","1.5","1.5","5","1.5","1.5","5","1.5","1.5","5","1.5","1.5","5","1.5","1.5","5","1.5","1.5","5","1.5","1.5","5","1.5","1.5","5","1.5","1.5","5","1.5","1.5","5","1.5","1.5","5","1.5","1.5","5","1.5","1.5","3","5","1.5","1.5","3","5","1.5","1.5","3","5","1.5","1.5","3","5","1.5","1.5","3","5","1.5","1.5","3","5","1.5","1.5","3","5","1.5","1.5","3","5","1.5","1.5","3","5","1.5","1.5","3","5","1.5","1.5","3","5","1.5","1.5","3","5","1.5","1.5","3","5","1.5","1.5","3","5","1.5","1.5","3","5","1.5","1.5","3","5","1.5","1.5","3","5","1.5","1.5","3","5","1.5","1.5","3","5","1.5","1.5","3","5","1.5","1.5","3","5","5","1.5","1.5","3","5","5","1.5","1.5","3","5","5","1.5","1.5","3","5","5","1.5","1.5","3","5","5","1.5","1.5","3","5","5","1.5","1.5","3","5","5","1.5","1.5","3","5","5","1.5","1.5","3","5","5","1.5","1.5","3","5","5","1.5","1.5","3","5","5","1.5","1.5","3","5","5","1.5","1.5","3","5","5","1.5","1.5","3","5","5","1.5","1.5","3","5","5","1.5","1.5","3","5","5","1.5","1.5","3","5","5","1.5","1.5","3","5","5","1.5","1.5","3","5","5","1.5","1.5","3","5","5","1.5","1.5","3","5","5","1.5","5","1.5","1.5","3","5","5","1.5","5","1.5","1.5","3","5","5","1.5","5","1.5","1.5","3","5","5","1.5","5","1.5","1.5","3","5","5","1.5","5","1.5","1.5","3","5","5","1.5","5","1.5","1.5","3","5","5","1.5","5","1.5","1.5","3","5","5","1.5","5","1.5","1.5","3","5","5","1.5","1.5","1.5","3","5","5","1.5","1.5","1.5","3","5","5","1.5","1.5","1.5","3","5","5","1.5","1.5","1.5","3","5","5","1.5","1.5","1.5","3","5","5","1.5","1.5","3","5","5","1.5","1.5","3","5","5","1.5","1.5","3","5","5","1.5","1.5","3","5","5","1.5","1.5","3","5","5","1.5","1.5","3","5","5","1.5","1.5","3","5","5","1.5","1.5","3","5","5","1.5","10"]
CHECK PASS hub melee: clean console 23.2s 
DSB STEP 23197 (() => { const B = window.__ooga; B.pilot.navigate({ position: { x: -8, y: B.crew.player.root.position.y, z: 16 }, yaw: -Math.PI / 2, pitch: 0.3, dist
DSB DONE 23361
DSB STEP 23377 (() => { const c = window.__ooga.crew.player, J = window.__ooga.jetpack; return { worn: !!c.jet, owned: J.owned, fuel: +c.jetFuel.toFixed(3), feet: +(
DSB DONE 23378
DSB STEP 23379 (() => { const c = window.__ooga.crew.player, J = window.__ooga.jetpack; return { worn: !!c.jet, owned: J.owned, fuel: +c.jetFuel.toFixed(3), feet: +(
DSB DONE 23380
DSB STEP 23380 window.__ooga.advance(2, 1 / 60)
DSB DONE 24571
DSB STEP 24571 (() => { const c = window.__ooga.crew.player, J = window.__ooga.jetpack; return { worn: !!c.jet, owned: J.owned, fuel: +c.jetFuel.toFixed(3), feet: +(
DSB DONE 24580
DSB STEP 24588 window.__ooga.advance(6, 1 / 60)
DSB DONE 26811
DSB STEP 26811 (() => { const c = window.__ooga.crew.player, J = window.__ooga.jetpack; return { worn: !!c.jet, owned: J.owned, fuel: +c.jetFuel.toFixed(3), feet: +(
DSB DONE 26818
DSB STEP 26818 (() => { const B = window.__ooga, a = B.crew.player, I = B.island, ang = Math.PI / 4; let r = 5; while (I.onLand(Math.sin(ang) * r, Math.cos(ang) * r)
DSB DONE 27385
DSB STEP 27402 (() => { const B = window.__ooga, a = B.crew.player, p = a.root.position; let low = Infinity; for (let i = 0; i < 20 * 30; i++) { B.advance(1 / 30, 1 
DSB DONE 28352
DSB STEP 28359 (() => { const c = window.__ooga.crew.player, J = window.__ooga.jetpack; return { worn: !!c.jet, owned: J.owned, fuel: +c.jetFuel.toFixed(3), feet: +(
DSB DONE 28368
DSB STEP 28369 (() => {
    const B = __ooga, a = B.crew.player, geometry = new Set();
    B.headquarters.breakables.liveGeometry(geometry);
    const rewardHasJetpa
DSB DONE 28412
CHECK PASS hub jetpack: J takes the permanent pack off and on, Space climbs, fuel refills, and an abyss respawn keeps it while emptying loaded and spare AK magazines {"off":{"worn":false,"owned":true,"fuel":1,"feet":0,"pickup":false,"toast":"Jetpack off"},"on":{"worn":true,"owned":true,"fuel":1,"feet":0,"pickup":false,"toast":"Jetpack!"},"up":{"worn":true,"owned":true,"fuel":0.75,"feet":13.01,"pickup":false,"toast":"Jetpack!"},"down":{"worn":true,"owned":true,"fuel":1,"feet":0,"pickup":false,"toast":"Jetpack!"},"fell":-59.806000000000026,"lost":{"worn":true,"owned":true,"fuel":0.779,"feet":0,"pickup":false,"toast":"Spare magazines and loaded AK-47 ammo lost to the abyss"},"permanent":{"ammo":0,"spares":0,"everyOwned":true,"rewardHasJetpack":false,"drops":[{"kind":"magazine","label":"+1 MAG"}],"wornAfterStun":true}}
CHECK PASS hub jetpack: breakables and clouds contain no jetpack pickup, stun keeps the pack, and dropped magazines carry a +1 MAG tag {"ammo":0,"spares":0,"everyOwned":true,"rewardHasJetpack":false,"drops":[{"kind":"magazine","label":"+1 MAG"}],"wornAfterStun":true}
CHECK PASS hub jetpack: clean console 28.4s 
SLOW hub took 28.8 s against a 25 s budget
DSB STEP 40 (() => { const B=window.__ooga;return {scene:B?.scene,frames:B?.renderedFrames||0,curtain:!!document.getElementById("curtain"),renderer:B?.renderer?.k
DSB DONE 41
DSB STEP 105 (() => { const B=window.__ooga;return {scene:B?.scene,frames:B?.renderedFrames||0,curtain:!!document.getElementById("curtain"),renderer:B?.renderer?.k
DSB DONE 106
DSB STEP 148 (() => { const B=window.__ooga;return {scene:B?.scene,frames:B?.renderedFrames||0,curtain:!!document.getElementById("curtain"),renderer:B?.renderer?.k
DSB DONE 149
DSB STEP 191 (() => { const B=window.__ooga;return {scene:B?.scene,frames:B?.renderedFrames||0,curtain:!!document.getElementById("curtain"),renderer:B?.renderer?.k
DSB DONE 192
DSB STEP 232 (() => { const B=window.__ooga;return {scene:B?.scene,frames:B?.renderedFrames||0,curtain:!!document.getElementById("curtain"),renderer:B?.renderer?.k
DSB DONE 233
DSB STEP 275 (() => { const B=window.__ooga;return {scene:B?.scene,frames:B?.renderedFrames||0,curtain:!!document.getElementById("curtain"),renderer:B?.renderer?.k
DSB DONE 275
DSB STEP 318 (() => { const B=window.__ooga;return {scene:B?.scene,frames:B?.renderedFrames||0,curtain:!!document.getElementById("curtain"),renderer:B?.renderer?.k
DSB STEP 372 (() => { const B=window.__ooga;return {scene:B?.scene,frames:B?.renderedFrames||0,curtain:!!document.getElementById("curtain"),renderer:B?.renderer?.k
DSB DONE 4310
DSB STEP 4349 (() => { const B=window.__ooga;return {scene:B?.scene,frames:B?.renderedFrames||0,curtain:!!document.getElementById("curtain"),renderer:B?.renderer?.k
DSB DONE 4362
DSB STEP 4404 (() => { const B=window.__ooga;return {scene:B?.scene,frames:B?.renderedFrames||0,curtain:!!document.getElementById("curtain"),renderer:B?.renderer?.k
DSB DONE 4408
DSB STEP 4449 (() => { const B=window.__ooga;return {scene:B?.scene,frames:B?.renderedFrames||0,curtain:!!document.getElementById("curtain"),renderer:B?.renderer?.k
DSB DONE 4458
DSB STEP 4500 (() => { const B=window.__ooga;return {scene:B?.scene,frames:B?.renderedFrames||0,curtain:!!document.getElementById("curtain"),renderer:B?.renderer?.k
DSB DONE 4507
DSB STEP 4548 (() => { const B=window.__ooga;return {scene:B?.scene,frames:B?.renderedFrames||0,curtain:!!document.getElementById("curtain"),renderer:B?.renderer?.k
DSB DONE 4555
DSB STEP 4555 new Promise((resolve) => { const t0 = performance.now(); const tick = () => { if (window.BL.scene.tweenCount() === 0 || performance.now() - t0 > 4000)
DSB DONE 4606
DSB STEP 4607 (() => { const B = __ooga, a = B.pilot.player; B.pilot.release(true); B.advance(0.1, 1 / 60); return B.project(a.root.position.x, a.root.position.y - 
DSB DONE 4681
DSB STEP 4785 (() => { const P = __ooga.pilot, canvas = document.getElementById("scene"), out = { mode: P.mode, combat: P.aiming, focused: document.activeElement ==
DSB DONE 4790
CHECK PASS birds-eye combat: double-clicking an Ooga enters shoulder combat with mouse-look already focused {"mode":"shoulder","combat":true,"focused":true}
DSB STEP 4790 (() => {
    const B = __ooga, P = B.pilot, C = B.camera, a = P.player, rows = [];
    P.navigate({ position: { x: -8, y: 0, z: 8 }, yaw: 0, pitch: 0.
DSB DONE 8760
CHECK PASS possession: high free-roam double-click preserves altitude and each character's carry/combat choice, including below ground [{"clearance":30,"selected":true,"mode":"birds-eye","combat":true,"immediate":0,"heightError":0,"offset":2.5121479338940403e-15},{"clearance":30,"selected":true,"mode":"orbit","combat":false,"immediate":0,"heightError":7.105427357601002e-15,"offset":5.000000000000002},{"clearance":20.9,"selected":true,"mode":"shoulder","combat":false,"immediate":0,"heightError":19.391345177493488,"offset":3.061747150037451},{"clearance":5,"selected":true,"mode":"shoulder","combat":true,"immediate":0,"heightError":3.5393498795463407,"offset":3.061747150037451},{"clearance":21,"selected":true,"mode":"birds-eye","combat":true,"immediate":0,"heightError":0,"offset":1.1984559962135934e-15},{"clearance":5,"selected":true,"mode":"shoulder","combat":true,"immediate":0,"heightError":3.539349879546341,"offset":3.061747150037452}]
DSB STEP 8760 (() => {
    const B = __ooga, P = B.pilot, C = B.camera, a = P.player, canvas = document.getElementById("scene"), rows = [];
    const pointer = type
DSB DONE 19054
CHECK PASS view gestures: right-click returns from orbit to the prior shoulder or first-person view, and first-person scroll exits to shoulder {"rows":[{"floor":0,"before":{"mode":"shoulder","combat":false,"distance":4,"wanted":4,"height":22.25870358117111,"y":2.342599082950358,"horizontal":3.190282537507844},"single":{"mode":"shoulder","combat":false,"distance":4,"wanted":4,"height":22.25870358117111,"y":2.342599082950358,"horizontal":3.190282537507844},"immediate":{"mode":"orbit","combat":false,"distance":3.501284733245312,"wanted":6,"height":22.25870358117111,"y":2.342599082950358,"horizontal":3.190282537507844},"out":{"mode":"orbit","combat":false,"distance":5.999999997641753,"wanted":6,"height":22.25870358117111,"y":6.8999999656988,"horizontal":0.0006191247322409055},"back":{"mode":"shoulder","combat":false,"distance":5.999999997641753,"wanted":6,"height":22.25870358117111,"y":1.3955218069354745,"horizontal":3.498291391427918},"wheelOut":{"mode":"orbit","combat":false,"distance":5.999999997671886,"wanted":6,"height":22.25870358117111,"y":6.899999964804965,"horizontal":0.0006280151756303809},"wheelBack":{"mode":"shoulder","combat":false,"distance":5.999999997671886,"wanted":6,"height":22.25870358117111,"y":2.721289880355833,"horizontal":3.0466532278624276}},{"floor":-12.5,"before":{"mode":"shoulder","combat":false,"distance":4,"wanted":4,"height":22.25870358117111,"y":-4.657400917049642,"horizontal":3.190282537507844},"single":{"mode":"shoulder","combat":false,"distance":4,"wanted":4,"height":22.25870358117111,"y":-4.657400917049642,"horizontal":3.190282537507844},"immediate":{"mode":"orbit","combat":false,"distance":3.501284733245312,"wanted":6,"height":22.25870358117111,"y":-4.657400917049642,"horizontal":3.190282537507844},"out":{"mode":"orbit","combat":false,"distance":5.999999997641753,"wanted":6,"height":22.25870358117111,"y":-4.657400917049642,"horizontal":5.823994149857281},"back":{"mode":"shoulder","combat":false,"distance":5.999999997641753,"wanted":6,"height":22.25870358117111,"y":-4.445774841048391,"horizontal":3.126454140521735},"wheelOut":{"mode":"orbit","combat":false,"distance":5.999999997675569,"wanted":6,"height":22.25870358117111,"y":-4.445774841048391,"horizontal":5.76745516632755},"wheelBack":{"mode":"shoulder","combat":false,"distance":5.999999997675569,"wanted":6,"height":22.25870358117111,"y":-4.291830724973964,"horizontal":3.064064222779494}}],"carryFirst":{"mode":"first-person","combat":false,"distance":5.999999997675569,"wanted":6,"height":22.25870358117111,"y":-5.804231597887445,"horizontal":0.16717211914164834},"carryScrollBack":{"mode":"shoulder","combat":false,"distance":5.999999997675569,"wanted":6,"height":22.25870358117111,"y":-4.291364534990556,"horizontal":3.055877526131016},"carryFirstOut":{"mode":"orbit","combat":false,"distance":5.9995478883459255,"wanted":6,"height":22.25870358117111,"y":-5.804231597887445,"horizontal":5.992252991727555},"carryFirstBack":{"mode":"first-person","combat":false,"distance":5.9995478883459255,"wanted":6,"height":22.25870358117111,"y":-5.804231597887445,"horizontal":0.18253079215159357},"combatOut":{"mode":"birds-eye","combat":true,"distance":3.4632132541909932,"wanted":6,"height":21,"y":14.000000000000002,"horizontal":1.9860273225978185e-15},"combatBack":{"mode":"shoulder","combat":true,"distance":3.4632132541909932,"wanted":6,"height":21,"y":-5.304248725881635,"horizontal":3.3735202732293526},"combatFirst":{"mode":"first-person","combat":true,"distance":3.4632132541909932,"wanted":6,"height":21,"y":-5.804231597887445,"horizontal":0.18252975187387785},"combatFirstOut":{"mode":"birds-eye","combat":true,"distance":0.3475572729887165,"wanted":6,"height":21,"y":14.000000000000002,"horizontal":8.881784197001252e-16},"combatFirstBack":{"mode":"first-person","combat":true,"distance":0.3475572729887165,"wanted":6,"height":21,"y":-5.804231597887445,"horizontal":0.18252931870121955}}
DSB STEP 19054 (() => {
    const B = __ooga, P = B.pilot, a = P.player, rows = [];
    // The preceding gesture check intentionally ends in first-person.
    // Ret
DSB DONE 27947
CHECK PASS shoulder combat: zooming toward the feet keeps the normal head-side framing above and below ground, including after mouse-look [{"floor":0,"offset":0,"baseline":{"mode":"shoulder","side":0.5999999999999996,"headOffset":183.51421293960607},"settled":{"mode":"shoulder","side":0.6000000000012733,"headOffset":180.96252576858012},"looking":{"mode":"shoulder","side":0.5999999983473997,"headOffset":180.96232727717234}},{"floor":0,"offset":0.4,"baseline":{"mode":"shoulder","side":0.5999999999999996,"headOffset":183.51421293960607},"settled":{"mode":"shoulder","side":0.6000000013531238,"headOffset":180.9625255698321},"looking":{"mode":"shoulder","side":0.6000000051349629,"headOffset":180.96233993126907}},{"floor":-12.5,"offset":0,"baseline":{"mode":"shoulder","side":0.5999999999999996,"headOffset":183.51435089679796},"settled":{"mode":"shoulder","side":0.5999999999990621,"headOffset":180.96246375656472},"looking":{"mode":"shoulder","side":0.5999999983091094,"headOffset":180.9623646433389}},{"floor":-12.5,"offset":0.4,"baseline":{"mode":"shoulder","side":0.5999999999999996,"headOffset":183.51435089679796},"settled":{"mode":"shoulder","side":0.5999999988086542,"headOffset":180.96235218794834},"looking":{"mode":"shoulder","side":0.5999999905446466,"headOffset":180.9625009240243}}]
DSB STEP 27947 (() => {
    const B = __ooga, P = B.pilot, C = B.camera, a = P.player;
    P.navigate({ position: { x: -8, y: 0, z: 8 }, yaw: 0, pitch: 0.3, dist: 4 
DSB DONE 29432
CHECK PASS birds-eye combat: shoulder zoom enters directly overhead with a continuous finite camera path {"before":{"mode":"shoulder","combat":true,"overhead":false,"mix":0,"height":21,"altitude":2.342599082950358,"horizontal":3.190282537507844,"down":0.2955201971077059,"yaw":3.141592653589793,"x":-7.313434410270304,"y":2.342599082950358,"z":11.115530510222392,"distance":3.7574164844133553,"center":305.7076640357376,"pointer":[null,null],"forward":[0,-0.29552018642425537,-0.9553365111351013],"screenUp":[0,0.9553365111351013,-0.29552018642425537],"orthoMix":0,"fov":0.8377580409572781,"up":[0,1,0],"cutoff":1000000},"immediate":4.440892098500626e-16,"weaponSnap":0,"maxStep":0.8313758643955623,"finite":true,"after":{"mode":"birds-eye","combat":true,"overhead":true,"mix":1,"height":21,"altitude":21,"horizontal":1.7763568394002505e-15,"down":1,"yaw":3.1415926526550098,"x":-8,"y":21,"z":8.000000000000002,"distance":20.642413755349118,"center":0,"pointer":[720,209.35],"forward":[0,-1,0],"screenUp":[0,0,-1],"orthoMix":1,"fov":0.8377580409572781,"up":[0,0,-0.9999999657714582],"cutoff":1000000}}
DSB STEP 29433 (() => { const B = __ooga, H = B.headquarters; B.advance(0.1, 1 / 60); return {
    mode: B.pilot.mode, combat: B.pilot.aiming, wallLines: H.sightGuid
DSB DONE 29996
CHECK PASS birds-eye combat: wall and object outline passes stay disabled {"mode":"birds-eye","combat":true,"wallLines":0,"objectLines":0,"wall":false,"bananaWall":false,"guideLines":0,"outlined":false}
DSB STEP 29996 (() => { const r = document.getElementById("scene").getBoundingClientRect(); return { x: r.left + r.width / 2, y: r.top + r.height / 2, w: r.width, h:
DSB DONE 30003
DSB STEP 30017 __ooga.pilot.focusAim()
DSB DONE 30026
DSB STEP 30032 __ooga.advance(0.5, 1 / 60)
DSB DONE 30292
DSB STEP 30292 __birdsSnapshot()
DSB DONE 30301
CHECK PASS birds-eye combat: real horizontal mouse movement turns the overhead view while the reticle stays on its forward centerline {"before":{"mode":"birds-eye","combat":true,"overhead":true,"mix":1,"height":21,"altitude":21,"horizontal":1.7763568394002505e-15,"down":1,"yaw":3.1415926526550098,"x":-8,"y":21,"z":8.000000000000002,"distance":20.642413755349118,"center":0,"pointer":[720,209.35],"forward":[0,-1,0],"screenUp":[0,0,-1],"orthoMix":1,"fov":0.8377580409572781,"up":[0,0,-0.9999999657714582],"cutoff":1000000},"aim":{"mode":"birds-eye","combat":true,"overhead":true,"mix":1,"height":21,"altitude":21,"horizontal":1.7763568394002505e-15,"down":1,"yaw":2.35012287298507,"x":-8,"y":21,"z":8.000000000000002,"distance":20.642413755349118,"center":0.000040471824165851125,"pointer":[720,95.34999999999998],"forward":[0,-1,0],"screenUp":[0.7121478915214539,0,-0.7020294666290283],"orthoMix":1,"fov":0.8377580409572781,"up":[0.7121478195535644,0,-0.7020294440610897],"cutoff":1000000},"turn":0.7914697796699399,"viewTurn":-0.7925529968779915}
DSB STEP 30301 if (document.pointerLockElement) document.exitPointerLock();
DSB DONE 30311
DSB STEP 30311 new Promise((resolve) => { const B = window.__ooga, t0 = performance.now(); let hitFrame = 0; const tick = () => { const s = B.stats(); if (!hitFrame 
DSB DONE 30341
DSB STEP 30341 (() => {
    const B = __ooga, P = B.pilot, R = B.renderer, a = P.player, reticle = document.getElementById("weapon-reticle"), canvas = document.getEl
DSB DONE 35545
CHECK PASS birds-eye combat: animated zoom keeps the character centered while aiming ahead {"before":{"mode":"birds-eye","combat":true,"overhead":true,"mix":1,"height":60,"altitude":60,"horizontal":3.66205343881779e-15,"down":1,"yaw":2.348466367160439,"x":-7.999999999999999,"y":60,"z":8.000000000000004,"distance":59.64241375534912,"center":0.000008564194889941063,"pointer":[720,298.81],"forward":[0,-1,0],"screenUp":[0.7125502228736877,0,-0.7016211152076721],"orthoMix":1,"fov":0.8377580409572781,"up":[0.712550195507049,0,-0.7016210530878126],"cutoff":1000000},"center":0.00001594103461664869,"horizontal":3.66205343881779e-15,"minHeight":32.39999999999999,"restored":59.99999999999998,"inside":241,"outside":210,"screenError":0.006720210932004653,"edgeError":0,"directionError":0.000004792984642250249,"boundsError":0,"travel":98.34,"edge":{"x":720,"y":14},"repeated":{"x":720,"y":14},"returnError":1.4210854715202004e-14,"unlocked":true,"zeroError":0,"manualError":0,"releasedError":0,"mouseTurnError":4.120540183019661e-8,"hookError":0,"newTarget":84.11407505367136}
CHECK PASS birds-eye combat: zoom tracks the fresh world point, keeps an off-screen forward target at the top edge across repeated scrolls and zero-motion events, and restores it on zoom-out {"before":{"mode":"birds-eye","combat":true,"overhead":true,"mix":1,"height":60,"altitude":60,"horizontal":3.66205343881779e-15,"down":1,"yaw":2.348466367160439,"x":-7.999999999999999,"y":60,"z":8.000000000000004,"distance":59.64241375534912,"center":0.000008564194889941063,"pointer":[720,298.81],"forward":[0,-1,0],"screenUp":[0.7125502228736877,0,-0.7016211152076721],"orthoMix":1,"fov":0.8377580409572781,"up":[0.712550195507049,0,-0.7016210530878126],"cutoff":1000000},"center":0.00001594103461664869,"horizontal":3.66205343881779e-15,"minHeight":32.39999999999999,"restored":59.99999999999998,"inside":241,"outside":210,"screenError":0.006720210932004653,"edgeError":0,"directionError":0.000004792984642250249,"boundsError":0,"travel":98.34,"edge":{"x":720,"y":14},"repeated":{"x":720,"y":14},"returnError":1.4210854715202004e-14,"unlocked":true,"zeroError":0,"manualError":0,"releasedError":0,"mouseTurnError":4.120540183019661e-8,"hookError":0,"newTarget":84.11407505367136}
CHECK PASS birds-eye combat: small native mouse and orbit gestures release the tracked target without jumping to stale absolute coordinates {"before":{"mode":"birds-eye","combat":true,"overhead":true,"mix":1,"height":60,"altitude":60,"horizontal":3.66205343881779e-15,"down":1,"yaw":2.348466367160439,"x":-7.999999999999999,"y":60,"z":8.000000000000004,"distance":59.64241375534912,"center":0.000008564194889941063,"pointer":[720,298.81],"forward":[0,-1,0],"screenUp":[0.7125502228736877,0,-0.7016211152076721],"orthoMix":1,"fov":0.8377580409572781,"up":[0.712550195507049,0,-0.7016210530878126],"cutoff":1000000},"center":0.00001594103461664869,"horizontal":3.66205343881779e-15,"minHeight":32.39999999999999,"restored":59.99999999999998,"inside":241,"outside":210,"screenError":0.006720210932004653,"edgeError":0,"directionError":0.000004792984642250249,"boundsError":0,"travel":98.34,"edge":{"x":720,"y":14},"repeated":{"x":720,"y":14},"returnError":1.4210854715202004e-14,"unlocked":true,"zeroError":0,"manualError":0,"releasedError":0,"mouseTurnError":4.120540183019661e-8,"hookError":0,"newTarget":84.11407505367136}
DSB STEP 35545 (() => {
    const B = __ooga, angle = () => { const s = __birdsSnapshot(); return Math.atan2(-s.up[0], -s.up[2]); }, wrap = n => Math.atan2(Math.sin(
DSB DONE 41625
CHECK PASS birds-eye combat: held Q and E rotate smoothly in opposite directions and settle after release {"left":{"before":-0.7535568469124782,"immediate":0,"total":0.9122119469632933,"maxStep":0.02832695831651036,"center":0.00001949964376990465,"after":0.26644317901592435,"stopped":0.000024215415143469254},"right":{"before":0.26644317901592435,"immediate":0,"total":-0.9122118881870431,"maxStep":0.02832697024305142,"center":0.000019710910811163516,"after":-0.7535567848846628,"stopped":0.000024153146207850362},"returned":6.202781532849144e-8,"around":{"before":-0.7535567848846628,"immediate":0,"total":-7.032187657914357,"maxStep":0.028333492430608676,"center":0.000020331544453677654,"after":-1.610371446441251,"stopped":0.00002414576890319431},"north":{"before":-1.610371446441251,"immediate":0,"first":-1.610040575698132,"after":2.4492936518293905e-16,"path":1.6103714464412513,"maxStep":0.0837011469087733,"monotonic":true}}
CHECK PASS birds-eye combat: N eases back to north along the shortest path after rotating past a full turn {"before":-1.610371446441251,"immediate":0,"first":-1.610040575698132,"after":2.4492936518293905e-16,"path":1.6103714464412513,"maxStep":0.0837011469087733,"monotonic":true}
DSB STEP 41625 (() => {
    const B = __ooga, P = B.pilot; P.hooks.onZoom(100); B.advance(1.5, 1 / 60); const max = __birdsSnapshot();
    P.hooks.onZoom(100); B.adv
DSB DONE 48791
CHECK PASS birds-eye combat: a full-height inward zoom reaches the relative-height-21 shoulder handoff promptly along a continuous path, and first-person remains reachable {"max":{"mode":"birds-eye","combat":true,"overhead":true,"mix":1,"height":64,"altitude":64,"horizontal":3.66205343881779e-15,"down":1,"yaw":-3.1415926535897936,"x":-7.999999999999999,"y":64,"z":8.000000000000004,"distance":63.64241375534912,"center":5.684341886080802e-14,"pointer":[720,209.02],"forward":[0,-1,0],"screenUp":[-2.4492937051703357e-16,0,-1],"orthoMix":1,"fov":0.8377580409572781,"up":[-2.4492935679936405e-16,-7.498798984441727e-33,-0.9999999657714582],"cutoff":1000000},"clamped":{"mode":"birds-eye","combat":true,"overhead":true,"mix":1,"height":64,"altitude":64,"horizontal":3.66205343881779e-15,"down":1,"yaw":-3.1415926535897936,"x":-7.999999999999999,"y":64,"z":8.000000000000004,"distance":63.64241375534912,"center":5.684341886080802e-14,"pointer":[720,209.02],"forward":[0,-1,0],"screenUp":[-2.4492937051703357e-16,0,-1],"orthoMix":1,"fov":0.8377580409572781,"up":[-2.4492935679936405e-16,-7.498798984441727e-33,-0.9999999657714582],"cutoff":1000000},"lowered":{"mode":"birds-eye","combat":true,"overhead":true,"mix":1,"height":48,"altitude":48,"horizontal":3.66205343881779e-15,"down":1,"yaw":-3.1415926535897936,"x":-7.999999999999999,"y":48,"z":8.000000000000004,"distance":47.64241375534912,"center":5.684341886080802e-14,"pointer":[720,142.71],"forward":[0,-1,0],"screenUp":[-2.4492937051703357e-16,0,-1],"orthoMix":1,"fov":0.8377580409572781,"up":[-2.4492935679936405e-16,-7.498798984441727e-33,-0.9999999657714582],"cutoff":1000000},"fromMax":{"mode":"birds-eye","combat":true,"overhead":true,"mix":1,"height":64,"altitude":64,"horizontal":3.66205343881779e-15,"down":1,"yaw":-3.1415926535897936,"x":-7.999999999999999,"y":64,"z":8.000000000000004,"distance":63.64241375534912,"center":5.684341886080802e-14,"pointer":[720,209.02],"forward":[0,-1,0],"screenUp":[-2.4492937051703357e-16,0,-1],"orthoMix":1,"fov":0.8377580409572781,"up":[-2.4492935679936405e-16,-7.498798984441727e-33,-0.9999999657714582],"cutoff":1000000},"immediate":0,"maxStep":4.6007639114938215,"switchFrame":35,"shoulder":{"mode":"shoulder","combat":true,"overhead":false,"mix":0.005444933165561605,"height":21.06927622400457,"altitude":1.811905240500142,"horizontal":3.3231936939677307,"down":0.10947173739094665,"yaw":-3.0919666583474177,"x":-7.160304246845784,"y":1.811905240500142,"z":11.215358046899546,"distance":3.6274867428172475,"center":345.6081071642592,"pointer":[720,403.2],"forward":[-0.049093905836343765,-0.10947173833847046,-0.9927767515182495],"screenUp":[-0.00523710623383522,0.993989884853363,-0.10934652388095856],"orthoMix":0.005444933165561605,"fov":0.8377580409572781,"up":[-0.005237105974084139,0.9939898161950963,-0.10934651651384887],"cutoff":1000000},"first":{"mode":"first-person","combat":true,"overhead":false,"mix":0,"height":21.06927622400457,"altitude":1.1957684021125548,"horizontal":0.18217215340862933,"down":0.0875869078824176,"yaw":-3.091694968788559,"x":-8.009086197157776,"y":1.1957684021125548,"z":7.818054583738014,"distance":0.8577505596411109,"center":null,"pointer":[null,null],"forward":[0.00066635652910918,-0.087586909532547,-0.996156632900238],"screenUp":[0.0000585892703384161,0.9961568713188171,-0.0875868871808052],"orthoMix":0,"fov":0.8377580409572781,"up":[0,1,0],"cutoff":1000000},"back":{"mode":"shoulder","combat":true,"overhead":false,"mix":0,"height":21.06927622400457,"altitude":1.7064760878607084,"horizontal":3.3413873246305976,"down":0.09987981359693536,"yaw":-3.091694968788559,"x":-7.151186648638914,"y":1.7064760878607084,"z":11.231777397617785,"distance":3.603383557479921,"center":329.8340360690208,"pointer":[null,null],"forward":[-0.050430234521627426,-0.09987981617450714,-0.9937207102775574],"screenUp":[-0.0050622764974832535,0.9949995279312134,-0.09975144267082214],"orthoMix":0,"fov":0.8377580409572781,"up":[0,1,0],"cutoff":1000000}}
DSB STEP 48792 (() => { const B = __ooga, reticle = document.getElementById("weapon-reticle"); B.pilot.hooks.onOrbit(0, B.renderer.size.height * 0.25 - parseFloat(re
DSB DONE 49555
DSB STEP 49555 (() => {
    const B = __ooga, P = B.pilot, difference = (a, b) => Math.hypot(...a.map((n, i) => n - b[i]));
    window.__birdsHandoff = frames => {
 
DSB DONE 52577
CHECK PASS birds-eye combat: X smoothly hands off both ways with a valid centerline cursor and fixed character distance, including reversal in each direction mid-transition {"carry":{"before":{"mode":"birds-eye","combat":true,"overhead":true,"mix":1,"height":21,"altitude":21,"horizontal":1.7763568394002505e-15,"down":1,"yaw":-3.0916949716469047,"x":-8,"y":21,"z":8.000000000000002,"distance":20.642413755349118,"center":0.000019290961163403835,"pointer":[720,203.25],"forward":[0,-1,0],"screenUp":[-0.04987698048353195,0,-0.9987553954124451],"orthoMix":1,"fov":0.8377580409572781,"up":[-0.04987697875104802,-3.469446951953614e-18,-0.9987553224185126],"cutoff":1000000},"after":{"mode":"orbit","combat":false,"overhead":false,"mix":0,"height":21,"altitude":21,"horizontal":1.7763568394002505e-15,"down":1,"yaw":-3.0916949716469047,"x":-8,"y":21,"z":8.000000000000002,"distance":20.642413755349118,"center":0.000019290961163403835,"pointer":[null,null],"forward":[0,-1,0],"screenUp":[-0.04987698048353195,0,-0.9987553954124451],"orthoMix":0,"fov":0.8377580409572781,"up":[-0.04987697875104802,-3.469446951953614e-18,-0.9987553224185126],"cutoff":1000000},"immediate":{"eyeStep":0,"forwardStep":0,"upStep":0,"projectionStep":0,"radiusError":0,"cursorError":null},"eyeStep":0,"forwardStep":0,"upStep":0,"projectionStep":0.03845310945902658,"radiusError":0,"cursorError":null,"fovError":0,"center":0,"blended":38},"diagonal":[0,0],"drag":{"yaw":0.16,"down":0.9701373767914835},"entering":{"before":{"mode":"orbit","combat":false,"overhead":false,"mix":0,"height":21,"altitude":20.383563326281354,"horizontal":5.006943935479757,"down":0.9701373767914835,"yaw":-3.8696927712253215,"x":-8.667988555125257,"y":20.383563326281354,"z":8.594853158111935,"distance":20.642413755349118,"center":0.000024321346923505385,"pointer":[null,null],"forward":[0.026652032509446144,-0.970137357711792,-0.241087406873703],"screenUp":[0.10659855604171753,0.2425561249256134,-0.9642630815505981],"orthoMix":0,"fov":0.8377580409572781,"up":[0.10659856406035306,0.24255613532515974,-0.9642631456563844],"cutoff":1000000},"after":{"mode":"birds-eye","combat":true,"overhead":true,"mix":0.4424214838416022,"height":21,"altitude":20.807691486624677,"horizontal":2.8111281079350237,"down":0.990683817581622,"yaw":-3.2532267001955897,"x":-8.426712608783019,"y":20.807691486624677,"z":6.412333269035864,"distance":20.642413755349118,"center":0.00002724350333939926,"pointer":[720,203.25],"forward":[0.014963672496378422,-0.9906837940216064,-0.13535752892494202],"screenUp":[0.108856201171875,0.13618212938308716,-0.9846851229667664],"orthoMix":0.4424214838416022,"fov":0.8377580409572781,"up":[0.10885620663596907,0.13618214067572665,-0.9846851532220757],"cutoff":1000000},"immediate":{"eyeStep":0,"forwardStep":0,"upStep":0,"projectionStep":0,"radiusError":0,"cursorError":null},"eyeStep":0.1924253865017715,"forwardStep":0.00932183912891227,"upStep":0.009321838017303309,"projectionStep":0.038048517338458265,"radiusError":7.105427357601002e-15,"cursorError":null,"fovError":0,"center":0,"blended":18},"entryReversed":{"before":{"mode":"birds-eye","combat":true,"overhead":true,"mix":0.4424214838416022,"height":21,"altitude":20.807691486624677,"horizontal":2.8111281079350237,"down":0.990683817581622,"yaw":-3.2532267001955897,"x":-8.426712608783019,"y":20.807691486624677,"z":6.412333269035864,"distance":20.642413755349118,"center":0.00002724350333939926,"pointer":[720,203.25],"forward":[0.014963672496378422,-0.9906837940216064,-0.13535752892494202],"screenUp":[0.108856201171875,0.13618212938308716,-0.9846851229667664],"orthoMix":0.4424214838416022,"fov":0.8377580409572781,"up":[0.10885620663596907,0.13618214067572665,-0.9846851532220757],"cutoff":1000000},"after":{"mode":"orbit","combat":false,"overhead":false,"mix":0,"height":21,"altitude":20.807691486624677,"horizontal":2.8111281079350237,"down":0.990683817581622,"yaw":-3.2532267001955897,"x":-8.426712608783019,"y":20.807691486624677,"z":6.412333269035864,"distance":20.642413755349118,"center":0.00002724350333939926,"pointer":[null,null],"forward":[0.014963672496378422,-0.9906837940216064,-0.13535752892494202],"screenUp":[0.108856201171875,0.13618212938308716,-0.9846851229667664],"orthoMix":0,"fov":0.8377580409572781,"up":[0.10885620663596907,0.13618214067572665,-0.9846851532220757],"cutoff":1000000},"immediate":{"eyeStep":0,"forwardStep":0,"upStep":0,"projectionStep":0,"radiusError":0,"cursorError":null},"eyeStep":0,"forwardStep":0,"upStep":0,"projectionStep":0.017012481745186075,"radiusError":0,"cursorError":null,"fovError":0,"center":0,"blended":39},"combat":{"before":{"mode":"orbit","combat":false,"overhead":false,"mix":0,"height":21,"altitude":20.807691486624677,"horizontal":2.8111281079350237,"down":0.990683817581622,"yaw":-3.2532267001955897,"x":-8.426712608783019,"y":20.807691486624677,"z":6.412333269035864,"distance":20.642413755349118,"center":0.00002724350333939926,"pointer":[null,null],"forward":[0.014963672496378422,-0.9906837940216064,-0.13535752892494202],"screenUp":[0.108856201171875,0.13618212938308716,-0.9846851229667664],"orthoMix":0,"fov":0.8377580409572781,"up":[0.10885620663596907,0.13618214067572665,-0.9846851532220757],"cutoff":1000000},"after":{"mode":"birds-eye","combat":true,"overhead":true,"mix":1,"height":21,"altitude":21,"horizontal":1.3322676295501878e-15,"down":1,"yaw":-3.2516948362638667,"x":-8.11782623223764,"y":21,"z":3.61822689210477,"distance":20.642413755349118,"center":0.000026735365125874794,"pointer":[720,203.25],"forward":[0,-1,0],"screenUp":[0.10987986624240875,0,-0.9939448833465576],"orthoMix":1,"fov":0.8377580409572781,"up":[0.10987986615536904,0,-0.9939448457093735],"cutoff":1000000},"immediate":{"eyeStep":0,"forwardStep":0,"upStep":0,"projectionStep":0,"radiusError":0,"cursorError":null},"eyeStep":0.10843343073389261,"forwardStep":0.005252988818572343,"upStep":0.005252985061449083,"projectionStep":0.038453109459026635,"radiusError":3.552713678800501e-15,"cursorError":null,"fovError":0,"center":0.000026735365125874794,"blended":38},"partial":{"before":{"mode":"birds-eye","combat":true,"overhead":true,"mix":1,"height":21,"altitude":21,"horizontal":1.3322676295501878e-15,"down":1,"yaw":-3.2516948362638667,"x":-8.11782623223764,"y":21,"z":3.61822689210477,"distance":20.642413755349118,"center":0.000026735365125874794,"pointer":[720,203.25],"forward":[0,-1,0],"screenUp":[0.10987986624240875,0,-0.9939448833465576],"orthoMix":1,"fov":0.8377580409572781,"up":[0.10987986615536904,0,-0.9939448457093735],"cutoff":1000000},"after":{"mode":"orbit","combat":false,"overhead":false,"mix":0.5575785161583978,"height":21,"altitude":21,"horizontal":1.3322676295501878e-15,"down":1,"yaw":-3.2516948362638667,"x":-8.11782623223764,"y":21,"z":3.61822689210477,"distance":20.642413755349118,"center":0.000026735365125874794,"pointer":[null,null],"forward":[0,-1,0],"screenUp":[0.10987986624240875,0,-0.9939448833465576],"orthoMix":0.5575785161583978,"fov":0.8377580409572781,"up":[0.10987986615536904,0,-0.9939448457093735],"cutoff":1000000},"immediate":{"eyeStep":0,"forwardStep":0,"upStep":0,"projectionStep":0,"radiusError":0,"cursorError":null},"eyeStep":0,"forwardStep":0,"upStep":0,"projectionStep":0.038048517338458265,"radiusError":0,"cursorError":null,"fovError":0,"center":0,"blended":18},"reversed":{"before":{"mode":"orbit","combat":false,"overhead":false,"mix":0.5575785161583978,"height":21,"altitude":21,"horizontal":1.3322676295501878e-15,"down":1,"yaw":-3.2516948362638667,"x":-8.11782623223764,"y":21,"z":3.61822689210477,"distance":20.642413755349118,"center":0.000026735365125874794,"pointer":[null,null],"forward":[0,-1,0],"screenUp":[0.10987986624240875,0,-0.9939448833465576],"orthoMix":0.5575785161583978,"fov":0.8377580409572781,"up":[0.10987986615536904,0,-0.9939448457093735],"cutoff":1000000},"after":{"mode":"birds-eye","combat":true,"overhead":true,"mix":1,"height":21,"altitude":21,"horizontal":1.3322676295501878e-15,"down":1,"yaw":-3.2516948362638667,"x":-8.11782623223764,"y":21,"z":3.61822689210477,"distance":20.642413755349118,"center":0.000026735365125874794,"pointer":[720,203.25],"forward":[0,-1,0],"screenUp":[0.10987986624240875,0,-0.9939448833465576],"orthoMix":1,"fov":0.8377580409572781,"up":[0.10987986615536904,0,-0.9939448457093735],"cutoff":1000000},"immediate":{"eyeStep":0,"forwardStep":0,"upStep":0,"projectionStep":0,"radiusError":0,"cursorError":null},"eyeStep":3.552713678800501e-15,"forwardStep":0,"upStep":0,"projectionStep":0.017012481745186214,"radiusError":3.552713678800501e-15,"cursorError":null,"fovError":0,"center":0.000026735365125874794,"blended":39}}
CHECK PASS birds-eye combat: carry orbit stays still on W+A and W+D, and manual orbit rotation remains available {"diagonal":[0,0],"drag":{"yaw":0.16,"down":0.9701373767914835},"cutoff":1000000}
DSB STEP 52578 (() => {
    const B = __ooga, P = B.pilot, I = B.island, a = P.player, C = B.camera, clouds = BL.scenes.hub.debug.matrixCave.clouds;
    const visibl
DSB DONE 57741
CHECK PASS birds-eye combat: walking off the same ledge has the same launch and gravity as carry orbit, even when aiming opposite travel {"edge":true,"sameActor":true,"error":4.476419235288631e-12,"carry":{"initial":[-20.329319959113242,4.857586244650884,-20.329319959113242],"aimDot":-0.7071067811865475,"off":12,"back":244,"departure":{"x":-1.1873501367424453,"z":-1.1873501367424453,"vx":-2.1213203435596424,"vz":-2.1213203435596424},"low":-59.70466666666682,"center":0,"follow":0,"clearance":null,"gravityError":2.914335439641036e-15,"ballisticError":7.077671781985373e-15,"gravityFrames":231,"shown":true,"frames":244},"bird":{"initial":[-20.329319959113242,4.857586244650884,-20.329319959113242],"aimDot":-0.7063611780325779,"off":12,"back":244,"departure":{"x":-1.1873501367387362,"z":-1.1873501367461046,"vx":-2.1213203435584873,"vz":-2.1213203435607975},"low":-59.70466666666682,"center":0.00008569756555709641,"follow":7.105427357601002e-15,"clearance":1.911627802722001,"gravityError":2.914335439641036e-15,"ballisticError":7.077671781985373e-15,"gravityFrames":231,"shown":true,"frames":244}}
CHECK PASS birds-eye combat: the falling character stays centered and visible above every cut plane until respawn, without a camera-height lag {"initial":[-20.329319959113242,4.857586244650884,-20.329319959113242],"aimDot":-0.7063611780325779,"off":12,"back":244,"departure":{"x":-1.1873501367387362,"z":-1.1873501367461046,"vx":-2.1213203435584873,"vz":-2.1213203435607975},"low":-59.70466666666682,"center":0.00008569756555709641,"follow":7.105427357601002e-15,"clearance":1.911627802722001,"gravityError":2.914335439641036e-15,"ballisticError":7.077671781985373e-15,"gravityFrames":231,"shown":true,"frames":244}
DSB STEP 57743 __ooga.crew.configureWeapon(__ooga.pilot.player, 2, 30); __ooga.pilot.weaponMode(1)
DSB DONE 57751
DSB STEP 57752 new Promise((resolve) => { const B = window.__ooga, t0 = performance.now(); let hitFrame = 0; const tick = () => { const s = B.stats(); if (!hitFrame 
DSB DONE 57808
DSB STEP 57858 new Promise((resolve) => { const B = window.__ooga, t0 = performance.now(); let hitFrame = 0; const tick = () => { const s = B.stats(); if (!hitFrame 
DSB DONE 57893
DSB STEP 57893 (() => {
    const B = __ooga, P = B.pilot, a = P.player, canvas = document.getElementById("scene"), reticle = document.getElementById("weapon-reticle
DSB DONE 57973
DSB STEP 57973 new Promise((resolve) => { const B = window.__ooga, t0 = performance.now(); let hitFrame = 0; const tick = () => { const s = B.stats(); if (!hitFrame 
DSB DONE 58024
DSB STEP 58075 __ooga.pilot.player.weapon.equipped
DSB DONE 58076
DSB STEP 58125 (() => { const a = __ooga.pilot.player; return { restored: a.weapon.primaryEquipped, shots: a.weapon.shotsFired, ammo: a.weapon.ammo }; })()
DSB DONE 58125
CHECK PASS birds-eye combat: the hidden cursor shares the centerline reticle, and unlocked HUD weapon clicks do not fire through buttons {"before":{"active":true,"visible":false,"locked":true,"before":{"x":720,"y":81.3,"reticleX":720,"reticleY":81.3},"pending":{"x":720,"y":81.3,"reticleX":720,"reticleY":81.3},"top":{"x":720,"y":0,"reticleX":720,"reticleY":0},"center":{"x":720,"y":406.5,"reticleX":720,"reticleY":406.5},"centerX":720,"topY":0,"centerY":406.5,"width":1440,"height":813,"secondary":{"x":412.8359375,"y":88},"primaryButton":{"x":313,"y":88},"primary":true,"shots":0,"ammo":30,"reticleZ":30},"equipped":true,"after":{"restored":true,"shots":0,"ammo":30}}
CHECK PASS birds-eye combat camera: clean console 58.1s 
SLOW hub took 58.6 s against a 25 s budget
DSB STEP 67 (() => { const B=window.__ooga;return {scene:B?.scene,frames:B?.renderedFrames||0,curtain:!!document.getElementById("curtain"),renderer:B?.renderer?.k
DSB DONE 68
DSB STEP 110 (() => { const B=window.__ooga;return {scene:B?.scene,frames:B?.renderedFrames||0,curtain:!!document.getElementById("curtain"),renderer:B?.renderer?.k
DSB DONE 110
DSB STEP 152 (() => { const B=window.__ooga;return {scene:B?.scene,frames:B?.renderedFrames||0,curtain:!!document.getElementById("curtain"),renderer:B?.renderer?.k
DSB DONE 153
DSB STEP 193 (() => { const B=window.__ooga;return {scene:B?.scene,frames:B?.renderedFrames||0,curtain:!!document.getElementById("curtain"),renderer:B?.renderer?.k
DSB DONE 194
DSB STEP 236 (() => { const B=window.__ooga;return {scene:B?.scene,frames:B?.renderedFrames||0,curtain:!!document.getElementById("curtain"),renderer:B?.renderer?.k
DSB DONE 237
DSB STEP 279 (() => { const B=window.__ooga;return {scene:B?.scene,frames:B?.renderedFrames||0,curtain:!!document.getElementById("curtain"),renderer:B?.renderer?.k
DSB DONE 280
DSB STEP 321 (() => { const B=window.__ooga;return {scene:B?.scene,frames:B?.renderedFrames||0,curtain:!!document.getElementById("curtain"),renderer:B?.renderer?.k
DSB DONE 322
DSB STEP 364 (() => { const B=window.__ooga;return {scene:B?.scene,frames:B?.renderedFrames||0,curtain:!!document.getElementById("curtain"),renderer:B?.renderer?.k
DSB DONE 4372
DSB STEP 4414 (() => { const B=window.__ooga;return {scene:B?.scene,frames:B?.renderedFrames||0,curtain:!!document.getElementById("curtain"),renderer:B?.renderer?.k
DSB DONE 4417
DSB STEP 4458 (() => { const B=window.__ooga;return {scene:B?.scene,frames:B?.renderedFrames||0,curtain:!!document.getElementById("curtain"),renderer:B?.renderer?.k
DSB DONE 4459
DSB STEP 4501 (() => { const B=window.__ooga;return {scene:B?.scene,frames:B?.renderedFrames||0,curtain:!!document.getElementById("curtain"),renderer:B?.renderer?.k
DSB DONE 4504
DSB STEP 4546 (() => { const B=window.__ooga;return {scene:B?.scene,frames:B?.renderedFrames||0,curtain:!!document.getElementById("curtain"),renderer:B?.renderer?.k
DSB DONE 4553
DSB STEP 4595 (() => { const B=window.__ooga;return {scene:B?.scene,frames:B?.renderedFrames||0,curtain:!!document.getElementById("curtain"),renderer:B?.renderer?.k
DSB DONE 4603
DSB STEP 4603 new Promise((resolve) => { const t0 = performance.now(); const tick = () => { if (window.BL.scene.tweenCount() === 0 || performance.now() - t0 > 4000)
DSB DONE 4669
DSB STEP 4669 (() => {
    const B = __ooga, S = BL.scene, root = S.createNode(), rows = [], camera = S.createCamera({ near: 0.1, far: 80 });
    Object.assign(came
DSB DONE 4728
CHECK PASS birds-eye projection: WebGL2 and Canvas match the continuous projection formula and their rays hit the same world points at every transition sample [{"kind":"webgl2","mix":0,"projectError":0.00010525612741658093,"rayError":2.46649992385934e-7,"rayForward":true,"aligned":180.0259561450709,"parallel":1.2461085085294785,"pixels":[[255,0,0,255],[3,3,255,255],null]},{"kind":"webgl2","mix":0.25,"projectError":0.000045337184466929345,"rayError":3.223436764629787e-7,"rayForward":true,"aligned":132.8801384802679,"parallel":0.6549699948934263,"pixels":[[255,0,0,255],[2,2,255,255],null]},{"kind":"webgl2","mix":0.5,"projectError":0.00002840844842429466,"rayError":3.741717805885763e-7,"rayForward":true,"aligned":88.72784899890897,"parallel":0.3186560085235814,"pixels":[[255,0,0,255],[2,3,255,255],[255,0,255,255]]},{"kind":"webgl2","mix":0.75,"projectError":0.0000206426949357279,"rayError":3.916174271899363e-7,"rayForward":true,"aligned":45.22570858006966,"parallel":0.13179640309937635,"pixels":[[255,0,0,255],[2,2,255,255],[255,0,255,255]]},{"kind":"webgl2","mix":1,"projectError":0.00001620318006111793,"rayError":3.9860221613714536e-7,"rayForward":true,"aligned":0,"parallel":0,"pixels":[[255,0,0,255],[3,3,255,255],[255,0,255,255]]},{"kind":"webgl2","fallback":true,"error":0.000011892228913960078},{"kind":"canvas2d","mix":0,"projectError":1.9131948672901816e-14,"rayError":1.0777744118960794e-14,"rayForward":true,"aligned":56.68714233549846,"parallel":1.2461085043045175,"pixels":[[255,0,0,255],[0,0,255,255],null]},{"kind":"canvas2d","mix":0.25,"projectError":2.842170943040401e-14,"rayError":7.242875823676482e-15,"rayForward":true,"aligned":41.84171735437857,"parallel":0.6549699748663461,"pixels":[[255,0,0,255],[0,0,255,255],null]},{"kind":"canvas2d","mix":0.5,"projectError":1.5888218580782548e-14,"rayError":7.160723346098895e-15,"rayForward":true,"aligned":27.938904570866853,"parallel":0.31865599652041315,"pixels":[[255,0,0,255],[0,0,255,255],null]},{"kind":"canvas2d","mix":0.75,"projectError":1.0048591735576161e-14,"rayError":7.16416517438997e-15,"rayForward":true,"aligned":14.240813296543806,"parallel":0.13179639828563783,"pixels":[[255,0,0,255],[0,0,255,255],[255,0,255,255]]},{"kind":"canvas2d","mix":1,"projectError":1.4210854715202004e-14,"rayError":1.7763568394002505e-15,"rayForward":true,"aligned":0,"parallel":0,"pixels":[[255,0,0,255],[0,0,255,255],[255,0,255,255]]},{"kind":"canvas2d","fallback":true,"error":0}]
CHECK PASS birds-eye projection: rendered near and far objects follow projected positions, including a batch outside the old perspective frustum [{"kind":"webgl2","mix":0,"pixels":[[255,0,0,255],[3,3,255,255],null]},{"kind":"webgl2","mix":0.25,"pixels":[[255,0,0,255],[2,2,255,255],null]},{"kind":"webgl2","mix":0.5,"pixels":[[255,0,0,255],[2,3,255,255],[255,0,255,255]]},{"kind":"webgl2","mix":0.75,"pixels":[[255,0,0,255],[2,2,255,255],[255,0,255,255]]},{"kind":"webgl2","mix":1,"pixels":[[255,0,0,255],[3,3,255,255],[255,0,255,255]]},{"kind":"canvas2d","mix":0,"pixels":[[255,0,0,255],[0,0,255,255],null]},{"kind":"canvas2d","mix":0.25,"pixels":[[255,0,0,255],[0,0,255,255],null]},{"kind":"canvas2d","mix":0.5,"pixels":[[255,0,0,255],[0,0,255,255],null]},{"kind":"canvas2d","mix":0.75,"pixels":[[255,0,0,255],[0,0,255,255],[255,0,255,255]]},{"kind":"canvas2d","mix":1,"pixels":[[255,0,0,255],[0,0,255,255],[255,0,255,255]]}]
DSB STEP 4728 (() => {
    const B = __ooga, S = BL.scene, root = S.createNode(), actor = S.createNode({ position: { x: 4, y: 0, z: 0 } });
    const bodyGeometry =
DSB DONE 4742
CHECK PASS birds-eye projection: speech anchors follow the rendered head through the transition, ignore cut roofs and weather, and retain a sliver exposed through a local cut [{"name":"uncovered","mix":0,"visible":true,"error":0.0000036387438213540988},{"name":"covered","mix":0,"visible":false,"error":null},{"name":"global cut","mix":0,"visible":true,"error":0.0000036387438213540988},{"name":"uncovered","mix":0.5,"visible":true,"error":9.664296531925258e-7},{"name":"covered","mix":0.5,"visible":false,"error":null},{"name":"global cut","mix":0.5,"visible":true,"error":9.664296531925258e-7},{"name":"uncovered","mix":1,"visible":true,"error":0.0000037396718562289567},{"name":"covered","mix":1,"visible":false,"error":null},{"name":"global cut","mix":1,"visible":true,"error":0.0000037396718562289567},{"name":"local cut","mix":1,"visible":true,"error":0.0000037396718562289567},{"name":"visible sliver","mix":1,"visible":true,"error":0.0000037396718562289567},{"name":"preserved roof","mix":1,"visible":false,"error":null},{"name":"hidden weather","mix":1,"visible":true,"error":0.0000037396718562289567},{"name":"lowered cloud","mix":1,"visible":true,"error":0.0000037396718562289567,"physicalY":6,"worldY":6}]
CHECK PASS birds-eye projection: clean console 4.7s 
DSB STEP 4742 (() => {
    const B = __ooga, P = B.pilot, S = BL.scene, root = BL.scenes.hub.root, a = P.player, H = B.island.headquarters;
    const lowerGeometry 
DSB DONE 11741
CHECK PASS birds-eye combat: basement aim ignores upstairs geometry, identifies distant and reachable objects, then melee and secondary fire damage that same target {"far":{"target":"lower","feedback":"object","dot":"rgb(255, 157, 66)","visibility":"visible","x":6,"y":-12,"z":0,"ceiling":-8.5,"distance":6.01155254702438,"reach":1.4506535963103984},"farBefore":100,"farAfter":100,"near":{"target":"lower","feedback":"object","dot":"rgb(255, 157, 66)","visibility":"visible","x":6,"y":-12,"z":0,"ceiling":-8.5,"distance":1.0204234540793868,"reach":1.4506535963103984},"firearm":{"target":"lower","feedback":"object","dot":"rgb(255, 157, 66)","visibility":"visible","x":6,"y":-12,"z":0,"ceiling":-8.5,"distance":1.0204234540793868,"reach":1.4506535963103984},"jump":{"peak":1.135833333333336,"peakTarget":true,"orangeFrames":55},"handoff":{"mode":"shoulder","mix":0.8995242032487154,"frames":35,"fromHeight":64,"anchor":{"x":5.999999999999999,"y":-11.5,"z":-0.0014252586322216487},"offset":79.25,"before":89,"shotsBefore":3,"after":87,"shots":3,"targetError":0,"centerError":0.00004399052409696393},"closeAim":[{"fresh":false,"found":true,"mode":"first-person","error":0.0005237537838464393,"exitFound":true,"exitMode":"shoulder","exitError":0.00038584950212223904},{"fresh":true,"found":true,"mode":"first-person","error":0.0007756200610115389,"exitFound":true,"exitMode":"shoulder","exitError":0.0006009473583844544}],"floor":-12.5,"beforeMelee":100,"afterMelee":95,"afterShot":89,"upperHealth":100,"shots":3,"mode":"birds-eye"}
CHECK PASS birds-eye combat: a jump retains same-floor targeting through its apex and orange feedback while melee remains within reach {"peak":1.135833333333336,"peakTarget":true,"orangeFrames":55}
CHECK PASS birds-eye combat: a full-height zoom reaches shoulder promptly, retains the exact elevated world anchor through the swoop, and fires into the same target {"mode":"shoulder","mix":0.8995242032487154,"frames":35,"fromHeight":64,"anchor":{"x":5.999999999999999,"y":-11.5,"z":-0.0014252586322216487},"offset":79.25,"before":89,"shotsBefore":3,"after":87,"shots":3,"targetError":0,"centerError":0.00004399052409696393}
CHECK PASS combat zoom: object points stay under the crosshair in both shoulder/first-person directions, including after new first-person aim [{"fresh":false,"found":true,"mode":"first-person","error":0.0005237537838464393,"exitFound":true,"exitMode":"shoulder","exitError":0.00038584950212223904},{"fresh":true,"found":true,"mode":"first-person","error":0.0007756200610115389,"exitFound":true,"exitMode":"shoulder","exitError":0.0006009473583844544}]
CHECK PASS birds-eye lower-floor targets: clean console 11.7s 
DSB STEP 11741 (() => {
    const B = __ooga, P = B.pilot, key = (type, value) => window.dispatchEvent(new KeyboardEvent(type, { key: value }));
    if (!P.birdsEye)
DSB DONE 12824
CHECK PASS birds-eye combat: debug replay records explicit north-up intent, while a fresh orbit-to-birds-eye transition clears the old lock and preserves the orbit heading {"storedUnlocked":false,"stillUnlocked":true,"drift":0.00005348538589622365,"locked":true,"north":-2.4492936518293905e-16,"reentry":{"orbit":5.803191870793698,"angle":-0.4799934244473847,"northUp":false,"mode":"birds-eye","error":1.1938503764033774e-8}}
DSB STEP 12824 (() => { const pose = JSON.parse(document.getElementById("position-debug").dataset.pose); __ooga.pilot.capturePose(pose); pose.mode = "orbit"; pose.ba
DSB DONE 12828
DSB STEP 12835 (() => { const B=window.__ooga;return {scene:B?.scene,frames:B?.renderedFrames||0,curtain:!!document.getElementById("curtain"),renderer:B?.renderer?.k
DSB DONE 13090
DSB STEP 13132 (() => { const B=window.__ooga;return {scene:B?.scene,frames:B?.renderedFrames||0,curtain:!!document.getElementById("curtain"),renderer:B?.renderer?.k
DSB DONE 13133
DSB STEP 13175 (() => { const B=window.__ooga;return {scene:B?.scene,frames:B?.renderedFrames||0,curtain:!!document.getElementById("curtain"),renderer:B?.renderer?.k
DSB DONE 13175
DSB STEP 13216 (() => { const B=window.__ooga;return {scene:B?.scene,frames:B?.renderedFrames||0,curtain:!!document.getElementById("curtain"),renderer:B?.renderer?.k
DSB DONE 13217
DSB STEP 13259 (() => { const B=window.__ooga;return {scene:B?.scene,frames:B?.renderedFrames||0,curtain:!!document.getElementById("curtain"),renderer:B?.renderer?.k
DSB DONE 13260
DSB STEP 13301 (() => { const B=window.__ooga;return {scene:B?.scene,frames:B?.renderedFrames||0,curtain:!!document.getElementById("curtain"),renderer:B?.renderer?.k
DSB DONE 13302
DSB STEP 13344 (() => { const B=window.__ooga;return {scene:B?.scene,frames:B?.renderedFrames||0,curtain:!!document.getElementById("curtain"),renderer:B?.renderer?.k
DSB STEP 13404 (() => { const B=window.__ooga;return {scene:B?.scene,frames:B?.renderedFrames||0,curtain:!!document.getElementById("curtain"),renderer:B?.renderer?.k
DSB DONE 17354
DSB STEP 17396 (() => { const B=window.__ooga;return {scene:B?.scene,frames:B?.renderedFrames||0,curtain:!!document.getElementById("curtain"),renderer:B?.renderer?.k
DSB DONE 17405
DSB STEP 17447 (() => { const B=window.__ooga;return {scene:B?.scene,frames:B?.renderedFrames||0,curtain:!!document.getElementById("curtain"),renderer:B?.renderer?.k
DSB DONE 17452
DSB STEP 17494 (() => { const B=window.__ooga;return {scene:B?.scene,frames:B?.renderedFrames||0,curtain:!!document.getElementById("curtain"),renderer:B?.renderer?.k
DSB DONE 17501
DSB STEP 17543 (() => { const B=window.__ooga;return {scene:B?.scene,frames:B?.renderedFrames||0,curtain:!!document.getElementById("curtain"),renderer:B?.renderer?.k
DSB DONE 17544
DSB STEP 17585 (() => { const B=window.__ooga;return {scene:B?.scene,frames:B?.renderedFrames||0,curtain:!!document.getElementById("curtain"),renderer:B?.renderer?.k
DSB DONE 17597
DSB STEP 17597 new Promise((resolve) => { const t0 = performance.now(); const tick = () => { if (window.BL.scene.tweenCount() === 0 || performance.now() - t0 > 4000)
DSB DONE 17668
DSB STEP 17668 (() => { const B = __ooga, pose = JSON.parse(document.getElementById("position-debug").dataset.pose), el = B.hud.el.mode; return { mode: B.pilot.mode,
DSB DONE 17675
CHECK PASS birds-eye combat: old pose links migrate once, and new pose and HUD state use only combat terminology {"mode":"birds-eye","combat":true,"northUp":false,"poseMode":"birds-eye","poseCombat":true,"legacyField":false,"attribute":"true","legacyAttribute":false,"label":"portlandhodl; birds-eye view; combat mode. Press to switch combat or carry mode; hold to detach"}
DSB STEP 17680 (() => { const B=window.__ooga;return {scene:B?.scene,frames:B?.renderedFrames||0,curtain:!!document.getElementById("curtain"),renderer:B?.renderer?.k
DSB DONE 17709
DSB STEP 17751 (() => { const B=window.__ooga;return {scene:B?.scene,frames:B?.renderedFrames||0,curtain:!!document.getElementById("curtain"),renderer:B?.renderer?.k
DSB DONE 17752
DSB STEP 17793 (() => { const B=window.__ooga;return {scene:B?.scene,frames:B?.renderedFrames||0,curtain:!!document.getElementById("curtain"),renderer:B?.renderer?.k
DSB DONE 17794
DSB STEP 17836 (() => { const B=window.__ooga;return {scene:B?.scene,frames:B?.renderedFrames||0,curtain:!!document.getElementById("curtain"),renderer:B?.renderer?.k
DSB DONE 17837
DSB STEP 17879 (() => { const B=window.__ooga;return {scene:B?.scene,frames:B?.renderedFrames||0,curtain:!!document.getElementById("curtain"),renderer:B?.renderer?.k
DSB DONE 17879
DSB STEP 17922 (() => { const B=window.__ooga;return {scene:B?.scene,frames:B?.renderedFrames||0,curtain:!!document.getElementById("curtain"),renderer:B?.renderer?.k
DSB DONE 17922
DSB STEP 17963 (() => { const B=window.__ooga;return {scene:B?.scene,frames:B?.renderedFrames||0,curtain:!!document.getElementById("curtain"),renderer:B?.renderer?.k
DSB DONE 17964
DSB STEP 18004 (() => { const B=window.__ooga;return {scene:B?.scene,frames:B?.renderedFrames||0,curtain:!!document.getElementById("curtain"),renderer:B?.renderer?.k
DSB DONE 22288
DSB STEP 22331 (() => { const B=window.__ooga;return {scene:B?.scene,frames:B?.renderedFrames||0,curtain:!!document.getElementById("curtain"),renderer:B?.renderer?.k
DSB DONE 22333
DSB STEP 22377 (() => { const B=window.__ooga;return {scene:B?.scene,frames:B?.renderedFrames||0,curtain:!!document.getElementById("curtain"),renderer:B?.renderer?.k
DSB DONE 22388
DSB STEP 22431 (() => { const B=window.__ooga;return {scene:B?.scene,frames:B?.renderedFrames||0,curtain:!!document.getElementById("curtain"),renderer:B?.renderer?.k
DSB DONE 22438
DSB STEP 22479 (() => { const B=window.__ooga;return {scene:B?.scene,frames:B?.renderedFrames||0,curtain:!!document.getElementById("curtain"),renderer:B?.renderer?.k
DSB DONE 22488
DSB STEP 22488 new Promise((resolve) => { const t0 = performance.now(); const tick = () => { if (window.BL.scene.tweenCount() === 0 || performance.now() - t0 > 4000)
DSB DONE 22606
DSB STEP 22606 (() => {
    const B = __ooga, P = B.pilot, a = P.player, C = B.camera;
    const pose = JSON.parse(document.getElementById("position-debug").dataset.
DSB DONE 22961
CHECK PASS shoulder replay: the supplied zero-offset URL loads beside the head before any input and holds the repaired camera {"pose":{"version":1,"character":"w-s-bitcoin","mode":"shoulder","closeWanted":false,"combat":true,"birdsEyeNorthUp":false,"position":[4.319759370712202,-10.703027121441215,6.069282850528098],"target":[0.45227067766369444,-11.382788314313563,5.307406937571778],"direction":[-0.9668722041737472,-0.16994030365120447,-0.19046898432851453],"up":[0,1,0],"fov":0.8377580409572781,"actor":[1.2652318088628172,-12.167587702447781,6.11805402908858],"body":[0,-1.7653007492106796,0],"head":[0.17076909418157493,0,0],"bodyQuaternion":[0,0,0,1],"headQuaternion":[0,0,0,1],"bodyRolled":false,"headRolled":false,"orbit":[1.3762919043791138,0.17076909418157493,37.33323956694727,-3.165801056565666,-12.167587702447781,6.0384959367857975],"headOffset":[0,0,0],"headOrbit":false,"shoulderSide":0.6,"closeMix":0,"ads":0,"selectedSlot":2,"ammo":30,"unlimited":false,"magazines":[0,0],"magazineCount":0,"aimYaw":-0.011368179923936239,"aimPitch":0.1626052794647269,"jetpack":false,"fuel":1,"hop":0,"hopV":0,"lift":0,"orthoMix":0,"orthoHeight":2.897205498819254},"side":0.6000001297126833,"headOffset":186.55722599051558,"held":true,"roundTrip":true}
CHECK PASS birds-eye combat replay: clean console 23.0s 
DSB STEP 60 (() => { const B=window.__ooga;return {scene:B?.scene,frames:B?.renderedFrames||0,curtain:!!document.getElementById("curtain"),renderer:B?.renderer?.k
DSB DONE 61
DSB STEP 103 (() => { const B=window.__ooga;return {scene:B?.scene,frames:B?.renderedFrames||0,curtain:!!document.getElementById("curtain"),renderer:B?.renderer?.k
DSB DONE 103
DSB STEP 145 (() => { const B=window.__ooga;return {scene:B?.scene,frames:B?.renderedFrames||0,curtain:!!document.getElementById("curtain"),renderer:B?.renderer?.k
DSB DONE 145
DSB STEP 187 (() => { const B=window.__ooga;return {scene:B?.scene,frames:B?.renderedFrames||0,curtain:!!document.getElementById("curtain"),renderer:B?.renderer?.k
DSB DONE 188
DSB STEP 230 (() => { const B=window.__ooga;return {scene:B?.scene,frames:B?.renderedFrames||0,curtain:!!document.getElementById("curtain"),renderer:B?.renderer?.k
DSB DONE 231
DSB STEP 271 (() => { const B=window.__ooga;return {scene:B?.scene,frames:B?.renderedFrames||0,curtain:!!document.getElementById("curtain"),renderer:B?.renderer?.k
DSB DONE 272
DSB STEP 313 (() => { const B=window.__ooga;return {scene:B?.scene,frames:B?.renderedFrames||0,curtain:!!document.getElementById("curtain"),renderer:B?.renderer?.k
DSB DONE 314
DSB STEP 356 (() => { const B=window.__ooga;return {scene:B?.scene,frames:B?.renderedFrames||0,curtain:!!document.getElementById("curtain"),renderer:B?.renderer?.k
DSB STEP 398 (() => { const B=window.__ooga;return {scene:B?.scene,frames:B?.renderedFrames||0,curtain:!!document.getElementById("curtain"),renderer:B?.renderer?.k
DSB DONE 4327
DSB STEP 4369 (() => { const B=window.__ooga;return {scene:B?.scene,frames:B?.renderedFrames||0,curtain:!!document.getElementById("curtain"),renderer:B?.renderer?.k
DSB DONE 4381
DSB STEP 4423 (() => { const B=window.__ooga;return {scene:B?.scene,frames:B?.renderedFrames||0,curtain:!!document.getElementById("curtain"),renderer:B?.renderer?.k
DSB DONE 4433
DSB STEP 4475 (() => { const B=window.__ooga;return {scene:B?.scene,frames:B?.renderedFrames||0,curtain:!!document.getElementById("curtain"),renderer:B?.renderer?.k
DSB DONE 4483
DSB STEP 4526 (() => { const B=window.__ooga;return {scene:B?.scene,frames:B?.renderedFrames||0,curtain:!!document.getElementById("curtain"),renderer:B?.renderer?.k
DSB DONE 4533
DSB STEP 4574 (() => { const B=window.__ooga;return {scene:B?.scene,frames:B?.renderedFrames||0,curtain:!!document.getElementById("curtain"),renderer:B?.renderer?.k
DSB DONE 4575
DSB STEP 4575 new Promise((resolve) => { const t0 = performance.now(); const tick = () => { if (window.BL.scene.tweenCount() === 0 || performance.now() - t0 > 4000)
DSB DONE 4714
DSB STEP 4715 (() => {
    const B = __ooga, P = B.pilot, I = B.island, a = P.player, H = I.headquarters, room = H.rooms[0], lower = H.basement.rooms[0], D = BL.sce
DSB DONE 50588
CHECK PASS birds-eye combat: surface and hills retain their terrain, caves use local roof cuts, and HQ and basement use the current floor's global section [{"name":"surface","mode":"birds-eye","overhead":true,"horizontal":1.9860273225978185e-15,"floor":0,"requestedFloor":0,"ceiling":4,"floorCeiling":null,"cutoff":1000000,"regions":[{"id":"c11","x":-12.512500000000012,"z":-21.67228572970557,"cos":0.8660254037844385,"sin":0.5000000000000002,"halfWidth":3.575,"halfDepth":4.175,"y":2.8499999999999996,"mix":1},{"id":"c1","x":12.5125,"z":-21.672285729705578,"cos":0.8660254037844385,"sin":-0.5000000000000002,"halfWidth":3.575,"halfDepth":4.175,"y":2.8499999999999996,"mix":1},{"id":"c2","x":21.672285729705578,"z":-12.512500000000003,"cos":0.5000000000000003,"sin":-0.8660254037844385,"halfWidth":3.575,"halfDepth":4.175,"y":2.8499999999999996,"mix":1},{"id":"c3","x":25.025,"z":-1.5323393074331258e-15,"cos":6.123233995736766e-17,"sin":-1,"halfWidth":3.7,"halfDepth":4.175,"y":2.8499999999999996,"mix":1}],"caveRegions":[{"id":"c11","x":-12.512500000000012,"z":-21.67228572970557,"cos":0.8660254037844385,"sin":0.5000000000000002,"halfWidth":3.575,"halfDepth":4.175,"y":2.8499999999999996,"mix":1},{"id":"c1","x":12.5125,"z":-21.672285729705578,"cos":0.8660254037844385,"sin":-0.5000000000000002,"halfWidth":3.575,"halfDepth":4.175,"y":2.8499999999999996,"mix":1},{"id":"c2","x":21.672285729705578,"z":-12.512500000000003,"cos":0.5000000000000003,"sin":-0.8660254037844385,"halfWidth":3.575,"halfDepth":4.175,"y":2.8499999999999996,"mix":1},{"id":"c3","x":25.025,"z":-1.5323393074331258e-15,"cos":6.123233995736766e-17,"sin":-1,"halfWidth":3.7,"halfDepth":4.175,"y":2.8499999999999996,"mix":1}],"paths":[{"channel":0,"length":33.46488952636719,"initial":20,"lo":1,"hi":20,"mix":1},{"channel":1,"length":33.46488952636719,"initial":20,"lo":1,"hi":20,"mix":1},{"channel":2,"length":32.51585388183594,"initial":30,"lo":1,"hi":30,"mix":0},{"channel":3,"length":32.51585388183594,"initial":30,"lo":1,"hi":30,"mix":0}],"windowMix":[0,0],"roof":{"partition":true,"voxelWalls":true,"walls":920,"removable":20985,"windowRoofFaces":[13684,14637]},"caps":[{"visible":false,"worldY":0,"y":0,"faces":0,"cache":0},{"visible":false,"worldY":6.27,"y":0,"faces":0,"cache":0},{"visible":false,"worldY":5.04,"y":0,"faces":0,"cache":0}],"caveCaps":4,"zoomStable":true,"zoomMoved":true,"centerError":0,"orthoMix":1,"unchanged":true},{"name":"hill","mode":"birds-eye","overhead":true,"horizontal":1.7763568394002505e-15,"floor":6.5,"requestedFloor":6.5,"ceiling":10.5,"floorCeiling":null,"cutoff":1000000,"regions":[],"caveRegions":[],"paths":[{"channel":0,"length":33.46488952636719,"initial":20,"lo":1,"hi":20,"mix":0},{"channel":1,"length":33.46488952636719,"initial":20,"lo":1,"hi":20,"mix":0},{"channel":2,"length":32.51585388183594,"initial":30,"lo":1,"hi":30,"mix":0},{"channel":3,"length":32.51585388183594,"initial":30,"lo":1,"hi":30,"mix":0}],"windowMix":[0,0],"roof":{"partition":true,"voxelWalls":true,"walls":920,"removable":20985,"windowRoofFaces":[13684,14637]},"caps":[{"visible":false,"worldY":0,"y":0,"faces":0,"cache":0},{"visible":false,"worldY":6.27,"y":0,"faces":0,"cache":0},{"visible":false,"worldY":5.04,"y":0,"faces":0,"cache":0}],"caveCaps":0,"zoomStable":true,"zoomMoved":true,"centerError":0,"orthoMix":1,"unchanged":true},{"name":"cave","mode":"birds-eye","overhead":true,"horizontal":3.552713678800501e-15,"floor":0,"requestedFloor":0,"ceiling":3.94,"floorCeiling":null,"cutoff":1000000,"regions":[{"id":"c11","x":-12.512500000000012,"z":-21.67228572970557,"cos":0.8660254037844385,"sin":0.5000000000000002,"halfWidth":3.575,"halfDepth":4.175,"y":2.8499999999999996,"mix":1},{"id":"c1","x":12.5125,"z":-21.672285729705578,"cos":0.8660254037844385,"sin":-0.5000000000000002,"halfWidth":3.575,"halfDepth":4.175,"y":2.8499999999999996,"mix":1},{"id":"c2","x":21.672285729705578,"z":-12.512500000000003,"cos":0.5000000000000003,"sin":-0.8660254037844385,"halfWidth":3.575,"halfDepth":4.175,"y":2.8499999999999996,"mix":1},{"id":"c3","x":25.025,"z":-1.5323393074331258e-15,"cos":6.123233995736766e-17,"sin":-1,"halfWidth":3.7,"halfDepth":4.175,"y":2.8499999999999996,"mix":1}],"caveRegions":[{"id":"c11","x":-12.512500000000012,"z":-21.67228572970557,"cos":0.8660254037844385,"sin":0.5000000000000002,"halfWidth":3.575,"halfDepth":4.175,"y":2.8499999999999996,"mix":1},{"id":"c1","x":12.5125,"z":-21.672285729705578,"cos":0.8660254037844385,"sin":-0.5000000000000002,"halfWidth":3.575,"halfDepth":4.175,"y":2.8499999999999996,"mix":1},{"id":"c2","x":21.672285729705578,"z":-12.512500000000003,"cos":0.5000000000000003,"sin":-0.8660254037844385,"halfWidth":3.575,"halfDepth":4.175,"y":2.8499999999999996,"mix":1},{"id":"c3","x":25.025,"z":-1.5323393074331258e-15,"cos":6.123233995736766e-17,"sin":-1,"halfWidth":3.7,"halfDepth":4.175,"y":2.8499999999999996,"mix":1}],"paths":[{"channel":0,"length":33.46488952636719,"initial":20,"lo":1,"hi":20,"mix":1},{"channel":1,"length":33.46488952636719,"initial":20,"lo":1,"hi":20,"mix":1},{"channel":2,"length":32.51585388183594,"initial":30,"lo":1,"hi":30,"mix":0},{"channel":3,"length":32.51585388183594,"initial":30,"lo":1,"hi":30,"mix":0}],"windowMix":[0,0],"roof":{"partition":true,"voxelWalls":true,"walls":920,"removable":20985,"windowRoofFaces":[13684,14637]},"caps":[{"visible":false,"worldY":0,"y":0,"faces":0,"cache":0},{"visible":false,"worldY":6.27,"y":0,"faces":0,"cache":0},{"visible":false,"worldY":5.04,"y":0,"faces":0,"cache":0}],"caveCaps":4,"zoomStable":true,"zoomMoved":true,"centerError":0,"orthoMix":1,"unchanged":true},{"name":"HQ","mode":"birds-eye","overhead":true,"horizontal":3.552713678800501e-15,"floor":-7,"requestedFloor":-7,"ceiling":-3,"floorCeiling":-2.75,"cutoff":-2.8099999999999987,"regions":[],"caveRegions":[],"paths":[{"channel":0,"length":33.46488952636719,"initial":20,"lo":133,"hi":255,"mix":1},{"channel":1,"length":33.46488952636719,"initial":20,"lo":133,"hi":255,"mix":1},{"channel":2,"length":32.51585388183594,"initial":30,"lo":10,"hi":30,"mix":1},{"channel":3,"length":32.51585388183594,"initial":30,"lo":10,"hi":30,"mix":1}],"windowMix":[1,0],"roof":{"partition":true,"voxelWalls":true,"walls":1464,"removable":20985,"windowRoofFaces":[13684,14637]},"caps":[{"visible":true,"worldY":0,"y":-2.812000036239624,"faces":3399,"cache":16},{"visible":true,"worldY":6.27,"y":-2.811999797821045,"faces":413,"cache":8},{"visible":true,"worldY":5.04,"y":-2.812000274658203,"faces":178,"cache":8}],"caveCaps":0,"zoomStable":true,"zoomMoved":true,"centerError":0,"orthoMix":1,"unchanged":true},{"name":"basement","mode":"birds-eye","overhead":true,"horizontal":1.7763568394002505e-15,"floor":-12.5,"requestedFloor":-12.5,"ceiling":-8.5,"floorCeiling":-8.25,"cutoff":-8.310000000000002,"regions":[],"caveRegions":[],"paths":[{"channel":0,"length":33.46488952636719,"initial":20,"lo":256,"hi":255,"mix":1},{"channel":1,"length":33.46488952636719,"initial":20,"lo":256,"hi":255,"mix":1},{"channel":2,"length":32.51585388183594,"initial":30,"lo":256,"hi":255,"mix":1},{"channel":3,"length":32.51585388183594,"initial":30,"lo":256,"hi":255,"mix":1}],"windowMix":[1,1],"roof":{"partition":true,"voxelWalls":true,"walls":0,"removable":20985,"windowRoofFaces":[13684,14637]},"caps":[{"visible":true,"worldY":0,"y":-8.312000274658203,"faces":3487,"cache":16},{"visible":false,"worldY":6.27,"y":-2.811999797821045,"faces":413,"cache":8},{"visible":true,"worldY":5.04,"y":-8.312000274658203,"faces":66,"cache":8}],"caveCaps":0,"zoomStable":true,"zoomMoved":true,"centerError":0,"orthoMix":1,"unchanged":true}]
CHECK PASS birds-eye combat: surface ramps keep their authored entrance span and basement openings initially extend one ramp-width {"spans":[{"channel":0,"span":2.5032791377991206,"expected":2.5,"length":33.46489126312571,"tolerance":0.13175154040600673},{"channel":1,"span":2.5032791377991206,"expected":2.5,"length":33.464891263125715,"tolerance":0.13175154040600676},{"channel":2,"span":3.7124400101308748,"expected":3.7,"length":32.51585287754005,"tolerance":0.1280151688092128},{"channel":3,"span":3.7124400101308748,"expected":3.7,"length":32.51585287754004,"tolerance":0.12801516880921276}],"paths":[{"name":"surface","paths":[{"channel":0,"length":33.46488952636719,"initial":20,"lo":1,"hi":20,"mix":1},{"channel":1,"length":33.46488952636719,"initial":20,"lo":1,"hi":20,"mix":1},{"channel":2,"length":32.51585388183594,"initial":30,"lo":1,"hi":30,"mix":0},{"channel":3,"length":32.51585388183594,"initial":30,"lo":1,"hi":30,"mix":0}]},{"name":"hill","paths":[{"channel":0,"length":33.46488952636719,"initial":20,"lo":1,"hi":20,"mix":0},{"channel":1,"length":33.46488952636719,"initial":20,"lo":1,"hi":20,"mix":0},{"channel":2,"length":32.51585388183594,"initial":30,"lo":1,"hi":30,"mix":0},{"channel":3,"length":32.51585388183594,"initial":30,"lo":1,"hi":30,"mix":0}]},{"name":"cave","paths":[{"channel":0,"length":33.46488952636719,"initial":20,"lo":1,"hi":20,"mix":1},{"channel":1,"length":33.46488952636719,"initial":20,"lo":1,"hi":20,"mix":1},{"channel":2,"length":32.51585388183594,"initial":30,"lo":1,"hi":30,"mix":0},{"channel":3,"length":32.51585388183594,"initial":30,"lo":1,"hi":30,"mix":0}]},{"name":"HQ","paths":[{"channel":0,"length":33.46488952636719,"initial":20,"lo":133,"hi":255,"mix":1},{"channel":1,"length":33.46488952636719,"initial":20,"lo":133,"hi":255,"mix":1},{"channel":2,"length":32.51585388183594,"initial":30,"lo":10,"hi":30,"mix":1},{"channel":3,"length":32.51585388183594,"initial":30,"lo":10,"hi":30,"mix":1}]},{"name":"basement","paths":[{"channel":0,"length":33.46488952636719,"initial":20,"lo":256,"hi":255,"mix":1},{"channel":1,"length":33.46488952636719,"initial":20,"lo":256,"hi":255,"mix":1},{"channel":2,"length":32.51585388183594,"initial":30,"lo":256,"hi":255,"mix":1},{"channel":3,"length":32.51585388183594,"initial":30,"lo":256,"hi":255,"mix":1}]}]}
CHECK PASS birds-eye combat: every authored room window removes only its level's fitted lintel rock {"windows":[{"kind":"room","basement":false,"level":0,"columns":269},{"kind":"room","basement":false,"level":0,"columns":267},{"kind":"room","basement":false,"level":0,"columns":254},{"kind":"room","basement":false,"level":0,"columns":267},{"kind":"room","basement":false,"level":0,"columns":269},{"kind":"room","basement":false,"level":0,"columns":348},{"kind":"room","basement":false,"level":0,"columns":348},{"kind":"room","basement":true,"level":1,"columns":464},{"kind":"room","basement":true,"level":1,"columns":465},{"kind":"room","basement":true,"level":1,"columns":466},{"kind":"room","basement":true,"level":1,"columns":466},{"kind":"room","basement":true,"level":1,"columns":465},{"kind":"room","basement":true,"level":1,"columns":464},{"kind":"room","basement":true,"level":1,"columns":466},{"kind":"room","basement":true,"level":1,"columns":464},{"kind":"room","basement":true,"level":1,"columns":464},{"kind":"room","basement":true,"level":1,"columns":466},{"kind":"panorama","basement":false,"level":0,"columns":2836}],"levels":[{"name":"surface","windowMix":[0,0]},{"name":"hill","windowMix":[0,0]},{"name":"cave","windowMix":[0,0]},{"name":"HQ","windowMix":[1,0]},{"name":"basement","windowMix":[1,1]}],"faces":[13684,14637]}
CHECK PASS birds-eye combat: surface ramp mouths omit only the overhead stone lintel while ordinary cave frames retain it {"mouths":{"standard":6,"ramp":2,"expectedRamp":2,"standardTop":3.5,"rampTop":3,"sameOpening":true},"basement":{"rampLintels":0,"roomLintels":48}}
CHECK PASS birds-eye combat: each downhill ramp has a dense entrance label and a separate arrow fitted to its surface, hidden outside bird's-eye view {"markers":[{"label":"HQ","channel":0,"visible":true,"arrowVisible":true,"model":"HQ","visual":"HQ","markerKind":"label","columns":5,"rows":7,"arrowKind":"arrow","labelDistance":0.85,"arrowDistance":1.85,"scale":0.72,"labelSurfaceError":2.7755575615628914e-17,"arrowSurfaceError":2.7755575615628914e-17,"aligned":0.9999969187815597,"arrowAligned":0.9999884205539451},{"label":"HQ","channel":1,"visible":true,"arrowVisible":true,"model":"HQ","visual":"HQ","markerKind":"label","columns":5,"rows":7,"arrowKind":"arrow","labelDistance":0.85,"arrowDistance":1.85,"scale":0.72,"labelSurfaceError":2.7755575615628914e-17,"arrowSurfaceError":2.7755575615628914e-17,"aligned":0.9999969187815597,"arrowAligned":0.9999884205539451},{"label":"B1","channel":2,"visible":true,"arrowVisible":true,"model":"B1","visual":"B1","markerKind":"label","columns":5,"rows":7,"arrowKind":"arrow","labelDistance":0.85,"arrowDistance":1.85,"scale":0.72,"labelSurfaceError":1.3877787807814457e-16,"arrowSurfaceError":1.3877787807814457e-16,"aligned":0.9999978369955935,"arrowAligned":0.9999989727292404},{"label":"B1","channel":3,"visible":true,"arrowVisible":true,"model":"B1","visual":"B1","markerKind":"label","columns":5,"rows":7,"arrowKind":"arrow","labelDistance":0.85,"arrowDistance":1.85,"scale":0.72,"labelSurfaceError":1.3877787807814457e-16,"arrowSurfaceError":1.3877787807814457e-16,"aligned":0.9999978369955935,"arrowAligned":0.9999989727292405}],"transitions":[{"name":"basement carry exit","visible":0},{"name":"basement partial entry","visible":0},{"name":"basement entry reversal","visible":0},{"name":"basement carry entry","visible":4},{"name":"basement shoulder exit","visible":0},{"name":"basement shoulder entry","visible":4},{"name":"cave roof exit","visible":0},{"name":"cave roof entry","visible":4}],"released":0}
CHECK PASS birds-eye combat: HQ and B1 read upright left-to-right through a full camera turn and every entrance exposes its complete downhill arrow {"views":[{"label":"HQ","turn":0,"right":23.854206739129893,"up":14.974652673839671,"baseline":0},{"label":"HQ","turn":0,"right":23.411398661027647,"up":15.257913097768608,"baseline":0},{"label":"B1","turn":0,"right":21.764711715157887,"up":15.020620488400695,"baseline":0},{"label":"B1","turn":0,"right":21.408034292042444,"up":15.270870643044486,"baseline":0},{"label":"HQ","turn":1,"right":23.854206739129893,"up":14.974652673839671,"baseline":0},{"label":"HQ","turn":1,"right":23.411398661027647,"up":15.257913097768608,"baseline":0},{"label":"B1","turn":1,"right":21.764711715157887,"up":15.020620488400695,"baseline":0},{"label":"B1","turn":1,"right":21.408034292042444,"up":15.270870643044486,"baseline":0},{"label":"HQ","turn":2,"right":23.854206739129893,"up":14.974652673839671,"baseline":0},{"label":"HQ","turn":2,"right":23.411398661027647,"up":15.257913097768608,"baseline":0},{"label":"B1","turn":2,"right":21.764711715157887,"up":15.020620488400695,"baseline":0},{"label":"B1","turn":2,"right":21.408034292042444,"up":15.270870643044486,"baseline":0},{"label":"HQ","turn":3,"right":23.854206739129893,"up":14.974652673839671,"baseline":0},{"label":"HQ","turn":3,"right":23.411398661027647,"up":15.257913097768608,"baseline":0},{"label":"B1","turn":3,"right":21.764711715157887,"up":15.020620488400695,"baseline":0},{"label":"B1","turn":3,"right":21.408034292042444,"up":15.270870643044486,"baseline":0},{"label":"HQ","turn":4,"right":23.854206739129893,"up":14.974652673839671,"baseline":0},{"label":"HQ","turn":4,"right":23.411398661027647,"up":15.257913097768608,"baseline":0},{"label":"B1","turn":4,"right":21.764711715157887,"up":15.020620488400695,"baseline":0},{"label":"B1","turn":4,"right":21.408034292042444,"up":15.270870643044486,"baseline":0},{"label":"HQ","turn":5,"right":23.854206739129893,"up":14.974652673839671,"baseline":0},{"label":"HQ","turn":5,"right":23.411398661027647,"up":15.257913097768608,"baseline":0},{"label":"B1","turn":5,"right":21.764711715157887,"up":15.020620488400695,"baseline":0},{"label":"B1","turn":5,"right":21.408034292042444,"up":15.270870643044486,"baseline":0},{"label":"HQ","turn":6,"right":23.854206739129893,"up":14.974652673839671,"baseline":0},{"label":"HQ","turn":6,"right":23.411398661027647,"up":15.257913097768608,"baseline":0},{"label":"B1","turn":6,"right":21.764711715157887,"up":15.020620488400695,"baseline":0},{"label":"B1","turn":6,"right":21.408034292042444,"up":15.270870643044486,"baseline":0},{"label":"HQ","turn":7,"right":23.854206739129893,"up":14.974652673839671,"baseline":0},{"label":"HQ","turn":7,"right":23.411398661027647,"up":15.257913097768608,"baseline":0},{"label":"B1","turn":7,"right":21.764711715157887,"up":15.020620488400695,"baseline":0},{"label":"B1","turn":7,"right":21.408034292042444,"up":15.270870643044486,"baseline":0}],"coverage":[{"channel":0,"floor":"surface","checked":24,"covered":0},{"channel":1,"floor":"surface","checked":24,"covered":0},{"channel":2,"floor":"HQ","checked":24,"covered":0},{"channel":3,"floor":"HQ","checked":24,"covered":0}]}
CHECK PASS birds-eye combat: ramp openings use original terrain faces and exact vertical voxel walls, never clipping rectangles or proxy floors [{"name":"surface","roof":{"partition":true,"voxelWalls":true,"walls":920,"removable":20985,"windowRoofFaces":[13684,14637]},"regions":[{"id":"c11","x":-12.512500000000012,"z":-21.67228572970557,"cos":0.8660254037844385,"sin":0.5000000000000002,"halfWidth":3.575,"halfDepth":4.175,"y":2.8499999999999996,"mix":1},{"id":"c1","x":12.5125,"z":-21.672285729705578,"cos":0.8660254037844385,"sin":-0.5000000000000002,"halfWidth":3.575,"halfDepth":4.175,"y":2.8499999999999996,"mix":1},{"id":"c2","x":21.672285729705578,"z":-12.512500000000003,"cos":0.5000000000000003,"sin":-0.8660254037844385,"halfWidth":3.575,"halfDepth":4.175,"y":2.8499999999999996,"mix":1},{"id":"c3","x":25.025,"z":-1.5323393074331258e-15,"cos":6.123233995736766e-17,"sin":-1,"halfWidth":3.7,"halfDepth":4.175,"y":2.8499999999999996,"mix":1}]},{"name":"hill","roof":{"partition":true,"voxelWalls":true,"walls":920,"removable":20985,"windowRoofFaces":[13684,14637]},"regions":[]},{"name":"cave","roof":{"partition":true,"voxelWalls":true,"walls":920,"removable":20985,"windowRoofFaces":[13684,14637]},"regions":[{"id":"c11","x":-12.512500000000012,"z":-21.67228572970557,"cos":0.8660254037844385,"sin":0.5000000000000002,"halfWidth":3.575,"halfDepth":4.175,"y":2.8499999999999996,"mix":1},{"id":"c1","x":12.5125,"z":-21.672285729705578,"cos":0.8660254037844385,"sin":-0.5000000000000002,"halfWidth":3.575,"halfDepth":4.175,"y":2.8499999999999996,"mix":1},{"id":"c2","x":21.672285729705578,"z":-12.512500000000003,"cos":0.5000000000000003,"sin":-0.8660254037844385,"halfWidth":3.575,"halfDepth":4.175,"y":2.8499999999999996,"mix":1},{"id":"c3","x":25.025,"z":-1.5323393074331258e-15,"cos":6.123233995736766e-17,"sin":-1,"halfWidth":3.7,"halfDepth":4.175,"y":2.8499999999999996,"mix":1}]},{"name":"HQ","roof":{"partition":true,"voxelWalls":true,"walls":1464,"removable":20985,"windowRoofFaces":[13684,14637]},"regions":[]},{"name":"basement","roof":{"partition":true,"voxelWalls":true,"walls":0,"removable":20985,"windowRoofFaces":[13684,14637]},"regions":[]}]
CHECK PASS birds-eye combat: ramp-window cutaway columns extend beyond the raw ramp, keep their authored route station, and retain real window fragments in the terrain base {"cells":[{"cell":2630,"channel":0,"station":118,"owners":1,"channelCorrect":true},{"cell":2631,"channel":0,"station":118,"owners":1,"channelCorrect":true},{"cell":2632,"channel":0,"station":118,"owners":1,"channelCorrect":true},{"cell":2633,"channel":0,"station":118,"owners":1,"channelCorrect":true},{"cell":2878,"channel":0,"station":118,"owners":1,"channelCorrect":true},{"cell":2879,"channel":0,"station":118,"owners":1,"channelCorrect":true},{"cell":2880,"channel":0,"station":118,"owners":1,"channelCorrect":true},{"cell":2881,"channel":0,"station":118,"owners":1,"channelCorrect":true},{"cell":2882,"channel":0,"station":118,"owners":1,"channelCorrect":true},{"cell":2883,"channel":0,"station":118,"owners":1,"channelCorrect":true},{"cell":2884,"channel":0,"station":118,"owners":1,"channelCorrect":true},{"cell":2886,"channel":0,"station":118,"owners":1,"channelCorrect":true},{"cell":3126,"channel":0,"station":118,"owners":1,"channelCorrect":true},{"cell":3127,"channel":0,"station":118,"owners":1,"channelCorrect":true},{"cell":3128,"channel":0,"station":118,"owners":1,"channelCorrect":true},{"cell":3129,"channel":0,"station":118,"owners":1,"channelCorrect":true},{"cell":3130,"channel":0,"station":118,"owners":1,"channelCorrect":true},{"cell":3131,"channel":0,"station":118,"owners":1,"channelCorrect":true},{"cell":3132,"channel":0,"station":118,"owners":1,"channelCorrect":true},{"cell":3133,"channel":0,"station":118,"owners":1,"channelCorrect":true},{"cell":3134,"channel":0,"station":118,"owners":1,"channelCorrect":true},{"cell":3135,"channel":0,"station":118,"owners":1,"channelCorrect":true},{"cell":3137,"channel":0,"station":118,"owners":1,"channelCorrect":true},{"cell":3374,"channel":0,"station":118,"owners":1,"channelCorrect":true},{"cell":3375,"channel":0,"station":118,"owners":1,"channelCorrect":true},{"cell":3376,"channel":0,"station":118,"owners":1,"channelCorrect":true},{"cell":3377,"channel":0,"station":118,"owners":1,"channelCorrect":true},{"cell":3378,"channel":0,"station":118,"owners":1,"channelCorrect":true},{"cell":3379,"channel":0,"station":118,"owners":1,"channelCorrect":true},{"cell":3380,"channel":0,"station":118,"owners":1,"channelCorrect":true},{"cell":3381,"channel":0,"station":118,"owners":1,"channelCorrect":true},{"cell":3382,"channel":0,"station":118,"owners":1,"channelCorrect":true},{"cell":3383,"channel":0,"station":118,"owners":1,"channelCorrect":true},{"cell":3384,"channel":0,"station":118,"owners":1,"channelCorrect":true},{"cell":3385,"channel":0,"station":118,"owners":1,"channelCorrect":true},{"cell":3386,"channel":0,"station":118,"owners":1,"channelCorrect":true},{"cell":3388,"channel":0,"station":118,"owners":1,"channelCorrect":true},{"cell":3622,"channel":0,"station":118,"owners":1,"channelCorrect":true},{"cell":3623,"channel":0,"station":118,"owners":1,"channelCorrect":true},{"cell":3624,"channel":0,"station":118,"owners":1,"channelCorrect":true},{"cell":3625,"channel":0,"station":118,"owners":1,"channelCorrect":true},{"cell":3626,"channel":0,"station":118,"owners":1,"channelCorrect":true},{"cell":3627,"channel":0,"station":118,"owners":1,"channelCorrect":true},{"cell":3628,"channel":0,"station":118,"owners":1,"channelCorrect":true},{"cell":3629,"channel":0,"station":118,"owners":1,"channelCorrect":true},{"cell":3630,"channel":0,"station":118,"owners":1,"channelCorrect":true},{"cell":3631,"channel":0,"station":118,"owners":1,"channelCorrect":true},{"cell":3632,"channel":0,"station":118,"owners":1,"channelCorrect":true},{"cell":3633,"channel":0,"station":118,"owners":1,"channelCorrect":true},{"cell":3634,"channel":0,"station":118,"owners":1,"channelCorrect":true},{"cell":3635,"channel":0,"station":118,"owners":1,"channelCorrect":true},{"cell":3636,"channel":0,"station":118,"owners":1,"channelCorrect":true},{"cell":3637,"channel":0,"station":118,"owners":1,"channelCorrect":true},{"cell":3870,"channel":0,"station":118,"owners":1,"channelCorrect":true},{"cell":3871,"channel":0,"station":118,"owners":1,"channelCorrect":true},{"cell":3872,"channel":0,"station":118,"owners":1,"channelCorrect":true},{"cell":3873,"channel":0,"station":118,"owners":1,"channelCorrect":true},{"cell":3874,"channel":0,"station":118,"owners":1,"channelCorrect":true},{"cell":3875,"channel":0,"station":118,"owners":1,"channelCorrect":true},{"cell":3876,"channel":0,"station":118,"owners":1,"channelCorrect":true},{"cell":3877,"channel":0,"station":118,"owners":1,"channelCorrect":true},{"cell":3878,"channel":0,"station":118,"owners":1,"channelCorrect":true},{"cell":3879,"channel":0,"station":118,"owners":1,"channelCorrect":true},{"cell":3880,"channel":0,"station":118,"owners":1,"channelCorrect":true},{"cell":3881,"channel":0,"station":118,"owners":1,"channelCorrect":true},{"cell":3882,"channel":0,"station":118,"owners":1,"channelCorrect":true},{"cell":3883,"channel":0,"station":118,"owners":1,"channelCorrect":true},{"cell":3884,"channel":0,"station":118,"owners":1,"channelCorrect":true},{"cell":3885,"channel":0,"station":118,"owners":1,"channelCorrect":true},{"cell":3886,"channel":0,"station":118,"owners":1,"channelCorrect":true},{"cell":3887,"channel":0,"station":118,"owners":1,"channelCorrect":true},{"cell":3888,"channel":0,"station":118,"owners":1,"channelCorrect":true},{"cell":4118,"channel":0,"station":118,"owners":1,"channelCorrect":true},{"cell":4119,"channel":0,"station":118,"owners":1,"channelCorrect":true},{"cell":4120,"channel":0,"station":118,"owners":1,"channelCorrect":true},{"cell":4121,"channel":0,"station":118,"owners":1,"channelCorrect":true},{"cell":4122,"channel":0,"station":118,"owners":1,"channelCorrect":true},{"cell":4123,"channel":0,"station":118,"owners":1,"channelCorrect":true},{"cell":4124,"channel":0,"station":118,"owners":1,"channelCorrect":true},{"cell":4125,"channel":0,"station":118,"owners":1,"channelCorrect":true},{"cell":4126,"channel":0,"station":118,"owners":1,"channelCorrect":true},{"cell":4127,"channel":0,"station":118,"owners":1,"channelCorrect":true},{"cell":4128,"channel":0,"station":118,"owners":1,"channelCorrect":true},{"cell":4129,"channel":0,"station":118,"owners":1,"channelCorrect":true},{"cell":4130,"channel":0,"station":118,"owners":1,"channelCorrect":true},{"cell":4131,"channel":0,"station":118,"owners":1,"channelCorrect":true},{"cell":4132,"channel":0,"station":118,"owners":1,"channelCorrect":true},{"cell":4133,"channel":0,"station":118,"owners":1,"channelCorrect":true},{"cell":4134,"channel":0,"station":118,"owners":1,"channelCorrect":true},{"cell":4135,"channel":0,"station":118,"owners":1,"channelCorrect":true},{"cell":4140,"channel":0,"station":82,"owners":1,"channelCorrect":true},{"cell":4141,"channel":0,"station":82,"owners":1,"channelCorrect":true},{"cell":4142,"channel":0,"station":82,"owners":1,"channelCorrect":true},{"cell":4143,"channel":0,"station":82,"owners":1,"channelCorrect":true},{"cell":4144,"channel":0,"station":82,"owners":1,"channelCorrect":true},{"cell":4366,"channel":0,"station":118,"owners":1,"channelCorrect":true},{"cell":4367,"channel":0,"station":118,"owners":1,"channelCorrect":true},{"cell":4368,"channel":0,"station":118,"owners":1,"channelCorrect":true},{"cell":4369,"channel":0,"station":118,"owners":1,"channelCorrect":true},{"cell":4370,"channel":0,"station":118,"owners":1,"channelCorrect":true},{"cell":4371,"channel":0,"station":118,"owners":1,"channelCorrect":true},{"cell":4372,"channel":0,"station":118,"owners":1,"channelCorrect":true},{"cell":4373,"channel":0,"station":118,"owners":1,"channelCorrect":true},{"cell":4374,"channel":0,"station":118,"owners":1,"channelCorrect":true},{"cell":4375,"channel":0,"station":118,"owners":1,"channelCorrect":true},{"cell":4376,"channel":0,"station":118,"owners":1,"channelCorrect":true},{"cell":4377,"channel":0,"station":118,"owners":1,"channelCorrect":true},{"cell":4378,"channel":0,"station":118,"owners":1,"channelCorrect":true},{"cell":4379,"channel":0,"station":118,"owners":1,"channelCorrect":true},{"cell":4380,"channel":0,"station":118,"owners":1,"channelCorrect":true},{"cell":4381,"channel":0,"station":118,"owners":1,"channelCorrect":true},{"cell":4382,"channel":0,"station":118,"owners":1,"channelCorrect":true},{"cell":4383,"channel":0,"station":118,"owners":1,"channelCorrect":true},{"cell":4388,"channel":0,"station":82,"owners":1,"channelCorrect":true},{"cell":4389,"channel":0,"station":82,"owners":1,"channelCorrect":true},{"cell":4390,"channel":0,"station":82,"owners":1,"channelCorrect":true},{"cell":4391,"channel":0,"station":82,"owners":1,"channelCorrect":true},{"cell":4392,"channel":0,"station":82,"owners":1,"channelCorrect":true},{"cell":4393,"channel":0,"station":82,"owners":1,"channelCorrect":true},{"cell":4394,"channel":0,"station":82,"owners":1,"channelCorrect":true},{"cell":4614,"channel":0,"station":118,"owners":1,"channelCorrect":true},{"cell":4615,"channel":0,"station":118,"owners":1,"channelCorrect":true},{"cell":4616,"channel":0,"station":118,"owners":1,"channelCorrect":true},{"cell":4617,"channel":0,"station":118,"owners":1,"channelCorrect":true},{"cell":4618,"channel":0,"station":118,"owners":1,"channelCorrect":true},{"cell":4619,"channel":0,"station":118,"owners":1,"channelCorrect":true},{"cell":4620,"channel":0,"station":118,"owners":1,"channelCorrect":true},{"cell":4621,"channel":0,"station":118,"owners":1,"channelCorrect":true},{"cell":4622,"channel":0,"station":118,"owners":1,"channelCorrect":true},{"cell":4623,"channel":0,"station":118,"owners":1,"channelCorrect":true},{"cell":4624,"channel":0,"station":118,"owners":1,"channelCorrect":true},{"cell":4625,"channel":0,"station":118,"owners":1,"channelCorrect":true},{"cell":4626,"channel":0,"station":118,"owners":1,"channelCorrect":true},{"cell":4627,"channel":0,"station":118,"owners":1,"channelCorrect":true},{"cell":4628,"channel":0,"station":118,"owners":1,"channelCorrect":true},{"cell":4629,"channel":0,"station":118,"owners":1,"channelCorrect":true},{"cell":4630,"channel":0,"station":118,"owners":1,"channelCorrect":true},{"cell":4636,"channel":0,"station":82,"owners":1,"channelCorrect":true},{"cell":4637,"channel":0,"station":82,"owners":1,"channelCorrect":true},{"cell":4638,"channel":0,"station":82,"owners":1,"channelCorrect":true},{"cell":4639,"channel":0,"station":82,"owners":1,"channelCorrect":true},{"cell":4640,"channel":0,"station":82,"owners":1,"channelCorrect":true},{"cell":4641,"channel":0,"station":82,"owners":1,"channelCorrect":true},{"cell":4642,"channel":0,"station":82,"owners":1,"channelCorrect":true},{"cell":4643,"channel":0,"station":82,"owners":1,"channelCorrect":true},{"cell":4644,"channel":0,"station":82,"owners":1,"channelCorrect":true},{"cell":4862,"channel":0,"station":118,"owners":1,"channelCorrect":true},{"cell":4863,"channel":0,"station":118,"owners":1,"channelCorrect":true},{"cell":4864,"channel":0,"station":118,"owners":1,"channelCorrect":true},{"cell":4865,"channel":0,"station":118,"owners":1,"channelCorrect":true},{"cell":4866,"channel":0,"station":118,"owners":1,"channelCorrect":true},{"cell":4867,"channel":0,"station":118,"owners":1,"channelCorrect":true},{"cell":4868,"channel":0,"station":118,"owners":1,"channelCorrect":true},{"cell":4869,"channel":0,"station":118,"owners":1,"channelCorrect":true},{"cell":4870,"channel":0,"station":118,"owners":1,"channelCorrect":true},{"cell":4871,"channel":0,"station":118,"owners":1,"channelCorrect":true},{"cell":4872,"channel":0,"station":118,"owners":1,"channelCorrect":true},{"cell":4873,"channel":0,"station":118,"owners":1,"channelCorrect":true},{"cell":4874,"channel":0,"station":118,"owners":1,"channelCorrect":true},{"cell":4875,"channel":0,"station":118,"owners":1,"channelCorrect":true},{"cell":4876,"channel":0,"station":118,"owners":1,"channelCorrect":true},{"cell":4877,"channel":0,"station":118,"owners":1,"channelCorrect":true},{"cell":4884,"channel":0,"station":82,"owners":1,"channelCorrect":true},{"cell":4885,"channel":0,"station":82,"owners":1,"channelCorrect":true},{"cell":4886,"channel":0,"station":82,"owners":1,"channelCorrect":true},{"cell":4887,"channel":0,"station":82,"owners":1,"channelCorrect":true},{"cell":4888,"channel":0,"station":82,"owners":1,"channelCorrect":true},{"cell":4889,"channel":0,"station":82,"owners":1,"channelCorrect":true},{"cell":4890,"channel":0,"station":82,"owners":1,"channelCorrect":true},{"cell":4891,"channel":0,"station":82,"owners":1,"channelCorrect":true},{"cell":4892,"channel":0,"station":82,"owners":1,"channelCorrect":true},{"cell":4893,"channel":0,"station":82,"owners":1,"channelCorrect":true},{"cell":4894,"channel":0,"station":82,"owners":1,"channelCorrect":true},{"cell":5110,"channel":0,"station":118,"owners":1,"channelCorrect":true},{"cell":5111,"channel":0,"station":118,"owners":1,"channelCorrect":true},{"cell":5112,"channel":0,"station":118,"owners":1,"channelCorrect":true},{"cell":5113,"channel":0,"station":118,"owners":1,"channelCorrect":true},{"cell":5114,"channel":0,"station":118,"owners":1,"channelCorrect":true},{"cell":5115,"channel":0,"station":118,"owners":1,"channelCorrect":true},{"cell":5116,"channel":0,"station":118,"owners":1,"channelCorrect":true},{"cell":5117,"channel":0,"station":118,"owners":1,"channelCorrect":true},{"cell":5118,"channel":0,"station":118,"owners":1,"channelCorrect":true},{"cell":5119,"channel":0,"station":118,"owners":1,"channelCorrect":true},{"cell":5120,"channel":0,"station":118,"owners":1,"channelCorrect":true},{"cell":5121,"channel":0,"station":118,"owners":1,"channelCorrect":true},{"cell":5122,"channel":0,"station":118,"owners":1,"channelCorrect":true},{"cell":5123,"channel":0,"station":118,"owners":1,"channelCorrect":true},{"cell":5124,"channel":0,"station":118,"owners":1,"channelCorrect":true},{"cell":5125,"channel":0,"station":118,"owners":1,"channelCorrect":true},{"cell":5131,"channel":0,"station":82,"owners":1,"channelCorrect":true},{"cell":5132,"channel":0,"station":82,"owners":1,"channelCorrect":true},{"cell":5133,"channel":0,"station":82,"owners":1,"channelCorrect":true},{"cell":5134,"channel":0,"station":82,"owners":1,"channelCorrect":true},{"cell":5135,"channel":0,"station":82,"owners":1,"channelCorrect":true},{"cell":5136,"channel":0,"station":82,"owners":1,"channelCorrect":true},{"cell":5137,"channel":0,"station":82,"owners":1,"channelCorrect":true},{"cell":5138,"channel":0,"station":82,"owners":1,"channelCorrect":true},{"cell":5139,"channel":0,"station":82,"owners":1,"channelCorrect":true},{"cell":5140,"channel":0,"station":82,"owners":1,"channelCorrect":true},{"cell":5141,"channel":0,"station":82,"owners":1,"channelCorrect":true},{"cell":5142,"channel":0,"station":82,"owners":1,"channelCorrect":true},{"cell":5143,"channel":0,"station":82,"owners":1,"channelCorrect":true},{"cell":5144,"channel":0,"station":82,"owners":1,"channelCorrect":true},{"cell":5358,"channel":0,"station":118,"owners":1,"channelCorrect":true},{"cell":5360,"channel":0,"station":118,"owners":1,"channelCorrect":true},{"cell":5361,"channel":0,"station":118,"owners":1,"channelCorrect":true},{"cell":5362,"channel":0,"station":118,"owners":1,"channelCorrect":true},{"cell":5363,"channel":0,"station":118,"owners":1,"channelCorrect":true},{"cell":5364,"channel":0,"station":118,"owners":1,"channelCorrect":true},{"cell":5365,"channel":0,"station":118,"owners":1,"channelCorrect":true},{"cell":5366,"channel":0,"station":118,"owners":1,"channelCorrect":true},{"cell":5367,"channel":0,"station":118,"owners":1,"channelCorrect":true},{"cell":5368,"channel":0,"station":118,"owners":1,"channelCorrect":true},{"cell":5369,"channel":0,"station":118,"owners":1,"channelCorrect":true},{"cell":5370,"channel":0,"station":118,"owners":1,"channelCorrect":true},{"cell":5371,"channel":0,"station":118,"owners":1,"channelCorrect":true},{"cell":5372,"channel":0,"station":118,"owners":1,"channelCorrect":true},{"cell":5379,"channel":0,"station":82,"owners":1,"channelCorrect":true},{"cell":5380,"channel":0,"station":82,"owners":1,"channelCorrect":true},{"cell":5381,"channel":0,"station":82,"owners":1,"channelCorrect":true},{"cell":5382,"channel":0,"station":82,"owners":1,"channelCorrect":true},{"cell":5383,"channel":0,"station":82,"owners":1,"channelCorrect":true},{"cell":5384,"channel":0,"station":82,"owners":1,"channelCorrect":true},{"cell":5385,"channel":0,"station":82,"owners":1,"channelCorrect":true},{"cell":5386,"channel":0,"station":82,"owners":1,"channelCorrect":true},{"cell":5387,"channel":0,"station":82,"owners":1,"channelCorrect":true},{"cell":5388,"channel":0,"station":82,"owners":1,"channelCorrect":true},{"cell":5389,"channel":0,"station":82,"owners":1,"channelCorrect":true},{"cell":5390,"channel":0,"station":82,"owners":1,"channelCorrect":true},{"cell":5391,"channel":0,"station":82,"owners":1,"channelCorrect":true},{"cell":5392,"channel":0,"station":82,"owners":1,"channelCorrect":true},{"cell":5393,"channel":0,"station":82,"owners":1,"channelCorrect":true},{"cell":5606,"channel":0,"station":118,"owners":1,"channelCorrect":true},{"cell":5611,"channel":0,"station":118,"owners":1,"channelCorrect":true},{"cell":5612,"channel":0,"station":118,"owners":1,"channelCorrect":true},{"cell":5613,"channel":0,"station":118,"owners":1,"channelCorrect":true},{"cell":5614,"channel":0,"station":118,"owners":1,"channelCorrect":true},{"cell":5615,"channel":0,"station":118,"owners":1,"channelCorrect":true},{"cell":5616,"channel":0,"station":118,"owners":1,"channelCorrect":true},{"cell":5617,"channel":0,"station":118,"owners":1,"channelCorrect":true},{"cell":5618,"channel":0,"station":118,"owners":1,"channelCorrect":true},{"cell":5619,"channel":0,"station":118,"owners":1,"channelCorrect":true},{"cell":5627,"channel":0,"station":82,"owners":1,"channelCorrect":true},{"cell":5628,"channel":0,"station":82,"owners":1,"channelCorrect":true},{"cell":5629,"channel":0,"station":82,"owners":1,"channelCorrect":true},{"cell":5630,"channel":0,"station":82,"owners":1,"channelCorrect":true},{"cell":5631,"channel":0,"station":82,"owners":1,"channelCorrect":true},{"cell":5632,"channel":0,"station":82,"owners":1,"channelCorrect":true},{"cell":5633,"channel":0,"station":82,"owners":1,"channelCorrect":true},{"cell":5634,"channel":0,"station":82,"owners":1,"channelCorrect":true},{"cell":5635,"channel":0,"station":82,"owners":1,"channelCorrect":true},{"cell":5636,"channel":0,"station":82,"owners":1,"channelCorrect":true},{"cell":5637,"channel":0,"station":82,"owners":1,"channelCorrect":true},{"cell":5638,"channel":0,"station":82,"owners":1,"channelCorrect":true},{"cell":5639,"channel":0,"station":82,"owners":1,"channelCorrect":true},{"cell":5640,"channel":0,"station":82,"owners":1,"channelCorrect":true},{"cell":5641,"channel":0,"station":82,"owners":1,"channelCorrect":true},{"cell":5642,"channel":0,"station":82,"owners":1,"channelCorrect":true},{"cell":5643,"channel":0,"station":82,"owners":1,"channelCorrect":true},{"cell":5847,"channel":3,"station":148,"owners":1,"channelCorrect":true},{"cell":5853,"channel":0,"station":118,"owners":1,"channelCorrect":true},{"cell":5854,"channel":0,"station":118,"owners":1,"channelCorrect":true},{"cell":5862,"channel":0,"station":118,"owners":1,"channelCorrect":true},{"cell":5863,"channel":0,"station":118,"owners":1,"channelCorrect":true},{"cell":5864,"channel":0,"station":118,"owners":1,"channelCorrect":true},{"cell":5865,"channel":0,"station":118,"owners":1,"channelCorrect":true},{"cell":5866,"channel":0,"station":118,"owners":1,"channelCorrect":true},{"cell":5867,"channel":0,"station":118,"owners":1,"channelCorrect":true},{"cell":5874,"channel":0,"station":82,"owners":1,"channelCorrect":true},{"cell":5875,"channel":0,"station":82,"owners":1,"channelCorrect":true},{"cell":5876,"channel":0,"station":82,"owners":1,"channelCorrect":true},{"cell":5877,"channel":0,"station":82,"owners":1,"channelCorrect":true},{"cell":5878,"channel":0,"station":82,"owners":1,"channelCorrect":true},{"cell":5879,"channel":0,"station":82,"owners":1,"channelCorrect":true},{"cell":5880,"channel":0,"station":82,"owners":1,"channelCorrect":true},{"cell":5881,"channel":0,"station":82,"owners":1,"channelCorrect":true},{"cell":5882,"channel":0,"station":82,"owners":1,"channelCorrect":true},{"cell":5883,"channel":0,"station":82,"owners":1,"channelCorrect":true},{"cell":5884,"channel":0,"station":82,"owners":1,"channelCorrect":true},{"cell":5885,"channel":0,"station":82,"owners":1,"channelCorrect":true},{"cell":5886,"channel":0,"station":82,"owners":1,"channelCorrect":true},{"cell":5887,"channel":0,"station":82,"owners":1,"channelCorrect":true},{"cell":5888,"channel":0,"station":82,"owners":1,"channelCorrect":true},{"cell":5889,"channel":0,"station":82,"owners":1,"channelCorrect":true},{"cell":5890,"channel":0,"station":82,"owners":1,"channelCorrect":true},{"cell":5891,"channel":0,"station":82,"owners":1,"channelCorrect":true},{"cell":5892,"channel":0,"station":82,"owners":1,"channelCorrect":true},{"cell":5893,"channel":0,"station":82,"owners":1,"channelCorrect":true},{"cell":6095,"channel":3,"station":148,"owners":1,"channelCorrect":true},{"cell":6099,"channel":3,"station":114,"owners":1,"channelCorrect":true},{"cell":6113,"channel":0,"station":118,"owners":1,"channelCorrect":true},{"cell":6114,"channel":0,"station":118,"owners":1,"channelCorrect":true},{"cell":6122,"channel":0,"station":82,"owners":1,"channelCorrect":true},{"cell":6123,"channel":0,"station":82,"owners":1,"channelCorrect":true},{"cell":6124,"channel":0,"station":82,"owners":1,"channelCorrect":true},{"cell":6125,"channel":0,"station":82,"owners":1,"channelCorrect":true},{"cell":6126,"channel":0,"station":82,"owners":1,"channelCorrect":true},{"cell":6127,"channel":0,"station":82,"owners":1,"channelCorrect":true},{"cell":6128,"channel":0,"station":82,"owners":1,"channelCorrect":true},{"cell":6129,"channel":0,"station":82,"owners":1,"channelCorrect":true},{"cell":6130,"channel":0,"station":82,"owners":1,"channelCorrect":true},{"cell":6131,"channel":0,"station":82,"owners":1,"channelCorrect":true},{"cell":6132,"channel":0,"station":82,"owners":1,"channelCorrect":true},{"cell":6133,"channel":0,"station":82,"owners":1,"channelCorrect":true},{"cell":6134,"channel":0,"station":82,"owners":1,"channelCorrect":true},{"cell":6135,"channel":0,"station":82,"owners":1,"channelCorrect":true},{"cell":6136,"channel":0,"station":82,"owners":1,"channelCorrect":true},{"cell":6137,"channel":0,"station":82,"owners":1,"channelCorrect":true},{"cell":6138,"channel":0,"station":82,"owners":1,"channelCorrect":true},{"cell":6139,"channel":0,"station":82,"owners":1,"channelCorrect":true},{"cell":6140,"channel":0,"station":82,"owners":1,"channelCorrect":true},{"cell":6342,"channel":3,"station":148,"owners":1,"channelCorrect":true},{"cell":6370,"channel":0,"station":82,"owners":1,"channelCorrect":true},{"cell":6371,"channel":0,"station":82,"owners":1,"channelCorrect":true},{"cell":6372,"channel":0,"station":82,"owners":1,"channelCorrect":true},{"cell":6373,"channel":0,"station":82,"owners":1,"channelCorrect":true},{"cell":6374,"channel":0,"station":82,"owners":1,"channelCorrect":true},{"cell":6375,"channel":0,"station":82,"owners":1,"channelCorrect":true},{"cell":6376,"channel":0,"station":82,"owners":1,"channelCorrect":true},{"cell":6377,"channel":0,"station":82,"owners":1,"channelCorrect":true},{"cell":6378,"channel":0,"station":82,"owners":1,"channelCorrect":true},{"cell":6379,"channel":0,"station":82,"owners":1,"channelCorrect":true},{"cell":6380,"channel":0,"station":82,"owners":1,"channelCorrect":true},{"cell":6381,"channel":0,"station":82,"owners":1,"channelCorrect":true},{"cell":6382,"channel":0,"station":82,"owners":1,"channelCorrect":true},{"cell":6383,"channel":0,"station":82,"owners":1,"channelCorrect":true},{"cell":6384,"channel":0,"station":82,"owners":1,"channelCorrect":true},{"cell":6385,"channel":0,"station":82,"owners":1,"channelCorrect":true},{"cell":6386,"channel":0,"station":82,"owners":1,"channelCorrect":true},{"cell":6387,"channel":0,"station":82,"owners":1,"channelCorrect":true},{"cell":6391,"channel":0,"station":50,"owners":1,"channelCorrect":true},{"cell":6392,"channel":0,"station":50,"owners":1,"channelCorrect":true},{"cell":6618,"channel":0,"station":82,"owners":1,"channelCorrect":true},{"cell":6619,"channel":0,"station":82,"owners":1,"channelCorrect":true},{"cell":6620,"channel":0,"station":82,"owners":1,"channelCorrect":true},{"cell":6621,"channel":0,"station":82,"owners":1,"channelCorrect":true},{"cell":6622,"channel":0,"station":82,"owners":1,"channelCorrect":true},{"cell":6623,"channel":0,"station":82,"owners":1,"channelCorrect":true},{"cell":6624,"channel":0,"station":82,"owners":1,"channelCorrect":true},{"cell":6625,"channel":0,"station":82,"owners":1,"channelCorrect":true},{"cell":6626,"channel":0,"station":82,"owners":1,"channelCorrect":true},{"cell":6627,"channel":0,"station":82,"owners":1,"channelCorrect":true},{"cell":6628,"channel":0,"station":82,"owners":1,"channelCorrect":true},{"cell":6629,"channel":0,"station":82,"owners":1,"channelCorrect":true},{"cell":6630,"channel":0,"station":82,"owners":1,"channelCorrect":true},{"cell":6631,"channel":0,"station":82,"owners":1,"channelCorrect":true},{"cell":6632,"channel":0,"station":82,"owners":1,"channelCorrect":true},{"cell":6633,"channel":0,"station":82,"owners":1,"channelCorrect":true},{"cell":6634,"channel":0,"station":82,"owners":1,"channelCorrect":true},{"cell":6638,"channel":0,"station":50,"owners":1,"channelCorrect":true},{"cell":6639,"channel":0,"station":50,"owners":1,"channelCorrect":true},{"cell":6640,"channel":0,"station":50,"owners":1,"channelCorrect":true},{"cell":6641,"channel":0,"station":50,"owners":1,"channelCorrect":true},{"cell":6865,"channel":0,"station":82,"owners":1,"channelCorrect":true},{"cell":6866,"channel":0,"station":82,"owners":1,"channelCorrect":true},{"cell":6867,"channel":0,"station":82,"owners":1,"channelCorrect":true},{"cell":6868,"channel":0,"station":82,"owners":1,"channelCorrect":true},{"cell":6869,"channel":0,"station":82,"owners":1,"channelCorrect":true},{"cell":6870,"channel":0,"station":82,"owners":1,"channelCorrect":true},{"cell":6871,"channel":0,"station":82,"owners":1,"channelCorrect":true},{"cell":6872,"channel":0,"station":82,"owners":1,"channelCorrect":true},{"cell":6873,"channel":0,"station":82,"owners":1,"channelCorrect":true},{"cell":6874,"channel":0,"station":82,"owners":1,"channelCorrect":true},{"cell":6875,"channel":0,"station":82,"owners":1,"channelCorrect":true},{"cell":6876,"channel":0,"station":82,"owners":1,"channelCorrect":true},{"cell":6877,"channel":0,"station":82,"owners":1,"channelCorrect":true},{"cell":6878,"channel":0,"station":82,"owners":1,"channelCorrect":true},{"cell":6879,"channel":0,"station":82,"owners":1,"channelCorrect":true},{"cell":6880,"channel":0,"station":82,"owners":1,"channelCorrect":true},{"cell":6881,"channel":0,"station":82,"owners":1,"channelCorrect":true},{"cell":6886,"channel":0,"station":50,"owners":1,"channelCorrect":true},{"cell":6887,"channel":0,"station":50,"owners":1,"channelCorrect":true},{"cell":6888,"channel":0,"station":50,"owners":1,"channelCorrect":true},{"cell":6889,"channel":0,"station":50,"owners":1,"channelCorrect":true},{"cell":6890,"channel":0,"station":50,"owners":1,"channelCorrect":true},{"cell":7115,"channel":0,"station":82,"owners":1,"channelCorrect":true},{"cell":7116,"channel":0,"station":82,"owners":1,"channelCorrect":true},{"cell":7117,"channel":0,"station":82,"owners":1,"channelCorrect":true},{"cell":7118,"channel":0,"station":82,"owners":1,"channelCorrect":true},{"cell":7119,"channel":0,"station":82,"owners":1,"channelCorrect":true},{"cell":7120,"channel":0,"station":82,"owners":1,"channelCorrect":true},{"cell":7121,"channel":0,"station":82,"owners":1,"channelCorrect":true},{"cell":7122,"channel":0,"station":82,"owners":1,"channelCorrect":true},{"cell":7123,"channel":0,"station":82,"owners":1,"channelCorrect":true},{"cell":7124,"channel":0,"station":82,"owners":1,"channelCorrect":true},{"cell":7125,"channel":0,"station":82,"owners":1,"channelCorrect":true},{"cell":7126,"channel":0,"station":82,"owners":1,"channelCorrect":true},{"cell":7127,"channel":0,"station":82,"owners":1,"channelCorrect":true},{"cell":7128,"channel":0,"station":82,"owners":1,"channelCorrect":true},{"cell":7133,"channel":0,"station":50,"owners":1,"channelCorrect":true},{"cell":7134,"channel":0,"station":50,"owners":1,"channelCorrect":true},{"cell":7135,"channel":0,"station":50,"owners":1,"channelCorrect":true},{"cell":7136,"channel":0,"station":50,"owners":1,"channelCorrect":true},{"cell":7137,"channel":0,"station":50,"owners":1,"channelCorrect":true},{"cell":7138,"channel":0,"station":50,"owners":1,"channelCorrect":true},{"cell":7139,"channel":0,"station":50,"owners":1,"channelCorrect":true},{"cell":7140,"channel":0,"station":50,"owners":1,"channelCorrect":true},{"cell":7365,"channel":0,"station":82,"owners":1,"channelCorrect":true},{"cell":7366,"channel":0,"station":82,"owners":1,"channelCorrect":true},{"cell":7367,"channel":0,"station":82,"owners":1,"channelCorrect":true},{"cell":7368,"channel":0,"station":82,"owners":1,"channelCorrect":true},{"cell":7369,"channel":0,"station":82,"owners":1,"channelCorrect":true},{"cell":7370,"channel":0,"station":82,"owners":1,"channelCorrect":true},{"cell":7371,"channel":0,"station":82,"owners":1,"channelCorrect":true},{"cell":7372,"channel":0,"station":82,"owners":1,"channelCorrect":true},{"cell":7373,"channel":0,"station":82,"owners":1,"channelCorrect":true},{"cell":7374,"channel":0,"station":82,"owners":1,"channelCorrect":true},{"cell":7375,"channel":0,"station":82,"owners":1,"channelCorrect":true},{"cell":7381,"channel":0,"station":50,"owners":1,"channelCorrect":true},{"cell":7382,"channel":0,"station":50,"owners":1,"channelCorrect":true},{"cell":7383,"channel":0,"station":50,"owners":1,"channelCorrect":true},{"cell":7384,"channel":0,"station":50,"owners":1,"channelCorrect":true},{"cell":7385,"channel":0,"station":50,"owners":1,"channelCorrect":true},{"cell":7386,"channel":0,"station":50,"owners":1,"channelCorrect":true},{"cell":7387,"channel":0,"station":50,"owners":1,"channelCorrect":true},{"cell":7388,"channel":0,"station":50,"owners":1,"channelCorrect":true},{"cell":7389,"channel":0,"station":50,"owners":1,"channelCorrect":true},{"cell":7615,"channel":0,"station":82,"owners":1,"channelCorrect":true},{"cell":7616,"channel":0,"station":82,"owners":1,"channelCorrect":true},{"cell":7617,"channel":0,"station":82,"owners":1,"channelCorrect":true},{"cell":7618,"channel":0,"station":82,"owners":1,"channelCorrect":true},{"cell":7619,"channel":0,"station":82,"owners":1,"channelCorrect":true},{"cell":7620,"channel":0,"station":82,"owners":1,"channelCorrect":true},{"cell":7621,"channel":0,"station":82,"owners":1,"channelCorrect":true},{"cell":7622,"channel":0,"station":82,"owners":1,"channelCorrect":true},{"cell":7623,"channel":0,"station":82,"owners":1,"channelCorrect":true},{"cell":7628,"channel":0,"station":50,"owners":1,"channelCorrect":true},{"cell":7629,"channel":0,"station":50,"owners":1,"channelCorrect":true},{"cell":7630,"channel":0,"station":50,"owners":1,"channelCorrect":true},{"cell":7631,"channel":0,"station":50,"owners":1,"channelCorrect":true},{"cell":7632,"channel":0,"station":50,"owners":1,"channelCorrect":true},{"cell":7633,"channel":0,"station":50,"owners":1,"channelCorrect":true},{"cell":7634,"channel":0,"station":50,"owners":1,"channelCorrect":true},{"cell":7635,"channel":0,"station":50,"owners":1,"channelCorrect":true},{"cell":7636,"channel":0,"station":50,"owners":1,"channelCorrect":true},{"cell":7637,"channel":0,"station":50,"owners":1,"channelCorrect":true},{"cell":7638,"channel":0,"station":50,"owners":1,"channelCorrect":true},{"cell":7865,"channel":0,"station":82,"owners":1,"channelCorrect":true},{"cell":7866,"channel":0,"station":82,"owners":1,"channelCorrect":true},{"cell":7867,"channel":0,"station":82,"owners":1,"channelCorrect":true},{"cell":7868,"channel":0,"station":82,"owners":1,"channelCorrect":true},{"cell":7869,"channel":0,"station":82,"owners":1,"channelCorrect":true},{"cell":7870,"channel":0,"station":82,"owners":1,"channelCorrect":true},{"cell":7876,"channel":0,"station":50,"owners":1,"channelCorrect":true},{"cell":7877,"channel":0,"station":50,"owners":1,"channelCorrect":true},{"cell":7878,"channel":0,"station":50,"owners":1,"channelCorrect":true},{"cell":7879,"channel":0,"station":50,"owners":1,"channelCorrect":true},{"cell":7880,"channel":0,"station":50,"owners":1,"channelCorrect":true},{"cell":7881,"channel":0,"station":50,"owners":1,"channelCorrect":true},{"cell":7882,"channel":0,"station":50,"owners":1,"channelCorrect":true},{"cell":7883,"channel":0,"station":50,"owners":1,"channelCorrect":true},{"cell":7884,"channel":0,"station":50,"owners":1,"channelCorrect":true},{"cell":7885,"channel":0,"station":50,"owners":1,"channelCorrect":true},{"cell":7886,"channel":0,"station":50,"owners":1,"channelCorrect":true},{"cell":7887,"channel":0,"station":50,"owners":1,"channelCorrect":true},{"cell":8115,"channel":0,"station":82,"owners":1,"channelCorrect":true},{"cell":8116,"channel":0,"station":82,"owners":1,"channelCorrect":true},{"cell":8117,"channel":0,"station":82,"owners":1,"channelCorrect":true},{"cell":8124,"channel":0,"station":50,"owners":1,"channelCorrect":true},{"cell":8125,"channel":0,"station":50,"owners":1,"channelCorrect":true},{"cell":8126,"channel":0,"station":50,"owners":1,"channelCorrect":true},{"cell":8127,"channel":0,"station":50,"owners":1,"channelCorrect":true},{"cell":8128,"channel":0,"station":50,"owners":1,"channelCorrect":true},{"cell":8129,"channel":0,"station":50,"owners":1,"channelCorrect":true},{"cell":8130,"channel":0,"station":50,"owners":1,"channelCorrect":true},{"cell":8131,"channel":0,"station":50,"owners":1,"channelCorrect":true},{"cell":8132,"channel":0,"station":50,"owners":1,"channelCorrect":true},{"cell":8133,"channel":0,"station":50,"owners":1,"channelCorrect":true},{"cell":8134,"channel":0,"station":50,"owners":1,"channelCorrect":true},{"cell":8135,"channel":0,"station":50,"owners":1,"channelCorrect":true},{"cell":8136,"channel":0,"station":50,"owners":1,"channelCorrect":true},{"cell":8137,"channel":0,"station":50,"owners":1,"channelCorrect":true},{"cell":8363,"channel":0,"station":82,"owners":1,"channelCorrect":true},{"cell":8364,"channel":0,"station":82,"owners":1,"channelCorrect":true},{"cell":8371,"channel":0,"station":50,"owners":1,"channelCorrect":true},{"cell":8372,"channel":0,"station":50,"owners":1,"channelCorrect":true},{"cell":8373,"channel":0,"station":50,"owners":1,"channelCorrect":true},{"cell":8374,"channel":0,"station":50,"owners":1,"channelCorrect":true},{"cell":8375,"channel":0,"station":50,"owners":1,"channelCorrect":true},{"cell":8376,"channel":0,"station":50,"owners":1,"channelCorrect":true},{"cell":8377,"channel":0,"station":50,"owners":1,"channelCorrect":true},{"cell":8378,"channel":0,"station":50,"owners":1,"channelCorrect":true},{"cell":8379,"channel":0,"station":50,"owners":1,"channelCorrect":true},{"cell":8380,"channel":0,"station":50,"owners":1,"channelCorrect":true},{"cell":8381,"channel":0,"station":50,"owners":1,"channelCorrect":true},{"cell":8382,"channel":0,"station":50,"owners":1,"channelCorrect":true},{"cell":8383,"channel":0,"station":50,"owners":1,"channelCorrect":true},{"cell":8384,"channel":0,"station":50,"owners":1,"channelCorrect":true},{"cell":8385,"channel":0,"station":50,"owners":1,"channelCorrect":true},{"cell":8386,"channel":0,"station":50,"owners":1,"channelCorrect":true},{"cell":8619,"channel":0,"station":50,"owners":1,"channelCorrect":true},{"cell":8620,"channel":0,"station":50,"owners":1,"channelCorrect":true},{"cell":8621,"channel":0,"station":50,"owners":1,"channelCorrect":true},{"cell":8622,"channel":0,"station":50,"owners":1,"channelCorrect":true},{"cell":8623,"channel":0,"station":50,"owners":1,"channelCorrect":true},{"cell":8624,"channel":0,"station":50,"owners":1,"channelCorrect":true},{"cell":8625,"channel":0,"station":50,"owners":1,"channelCorrect":true},{"cell":8626,"channel":0,"station":50,"owners":1,"channelCorrect":true},{"cell":8627,"channel":0,"station":50,"owners":1,"channelCorrect":true},{"cell":8628,"channel":0,"station":50,"owners":1,"channelCorrect":true},{"cell":8629,"channel":0,"station":50,"owners":1,"channelCorrect":true},{"cell":8630,"channel":0,"station":50,"owners":1,"channelCorrect":true},{"cell":8631,"channel":0,"station":50,"owners":1,"channelCorrect":true},{"cell":8632,"channel":0,"station":50,"owners":1,"channelCorrect":true},{"cell":8633,"channel":0,"station":50,"owners":1,"channelCorrect":true},{"cell":8634,"channel":0,"station":50,"owners":1,"channelCorrect":true},{"cell":8635,"channel":0,"station":50,"owners":1,"channelCorrect":true},{"cell":8866,"channel":0,"station":50,"owners":1,"channelCorrect":true},{"cell":8867,"channel":0,"station":50,"owners":1,"channelCorrect":true},{"cell":8868,"channel":0,"station":50,"owners":1,"channelCorrect":true},{"cell":8869,"channel":0,"station":50,"owners":1,"channelCorrect":true},{"cell":8870,"channel":0,"station":50,"owners":1,"channelCorrect":true},{"cell":8871,"channel":0,"station":50,"owners":1,"channelCorrect":true},{"cell":8872,"channel":0,"station":50,"owners":1,"channelCorrect":true},{"cell":8873,"channel":0,"station":50,"owners":1,"channelCorrect":true},{"cell":8874,"channel":0,"station":50,"owners":1,"channelCorrect":true},{"cell":8875,"channel":0,"station":50,"owners":1,"channelCorrect":true},{"cell":8876,"channel":0,"station":50,"owners":1,"channelCorrect":true},{"cell":8877,"channel":0,"station":50,"owners":1,"channelCorrect":true},{"cell":8878,"channel":0,"station":50,"owners":1,"channelCorrect":true},{"cell":8879,"channel":0,"station":50,"owners":1,"channelCorrect":true},{"cell":8880,"channel":0,"station":50,"owners":1,"channelCorrect":true},{"cell":8881,"channel":0,"station":50,"owners":1,"channelCorrect":true},{"cell":8882,"channel":0,"station":50,"owners":1,"channelCorrect":true},{"cell":8883,"channel":0,"station":50,"owners":1,"channelCorrect":true},{"cell":8884,"channel":0,"station":50,"owners":1,"channelCorrect":true},{"cell":9051,"channel":3,"station":148,"owners":1,"channelCorrect":true},{"cell":9052,"channel":3,"station":148,"owners":1,"channelCorrect":true},{"cell":9113,"channel":0,"station":50,"owners":1,"channelCorrect":true},{"cell":9114,"channel":0,"station":50,"owners":1,"channelCorrect":true},{"cell":9115,"channel":0,"station":50,"owners":1,"channelCorrect":true},{"cell":9116,"channel":0,"station":50,"owners":1,"channelCorrect":true},{"cell":9117,"channel":0,"station":50,"owners":1,"channelCorrect":true},{"cell":9118,"channel":0,"station":50,"owners":1,"channelCorrect":true},{"cell":9119,"channel":0,"station":50,"owners":1,"channelCorrect":true},{"cell":9120,"channel":0,"station":50,"owners":1,"channelCorrect":true},{"cell":9121,"channel":0,"station":50,"owners":1,"channelCorrect":true},{"cell":9122,"channel":0,"station":50,"owners":1,"channelCorrect":true},{"cell":9123,"channel":0,"station":50,"owners":1,"channelCorrect":true},{"cell":9124,"channel":0,"station":50,"owners":1,"channelCorrect":true},{"cell":9125,"channel":0,"station":50,"owners":1,"channelCorrect":true},{"cell":9126,"channel":0,"station":50,"owners":1,"channelCorrect":true},{"cell":9127,"channel":0,"station":50,"owners":1,"channelCorrect":true},{"cell":9128,"channel":0,"station":50,"owners":1,"channelCorrect":true},{"cell":9129,"channel":0,"station":50,"owners":1,"channelCorrect":true},{"cell":9130,"channel":0,"station":50,"owners":1,"channelCorrect":true},{"cell":9131,"channel":0,"station":50,"owners":1,"channelCorrect":true},{"cell":9132,"channel":0,"station":50,"owners":1,"channelCorrect":true},{"cell":9133,"channel":0,"station":50,"owners":1,"channelCorrect":true},{"cell":9310,"channel":3,"station":148,"owners":1,"channelCorrect":true},{"cell":9311,"channel":3,"station":148,"owners":1,"channelCorrect":true},{"cell":9312,"channel":3,"station":148,"owners":1,"channelCorrect":true},{"cell":9361,"channel":0,"station":50,"owners":1,"channelCorrect":true},{"cell":9363,"channel":0,"station":50,"owners":1,"channelCorrect":true},{"cell":9364,"channel":0,"station":50,"owners":1,"channelCorrect":true},{"cell":9365,"channel":0,"station":50,"owners":1,"channelCorrect":true},{"cell":9366,"channel":0,"station":50,"owners":1,"channelCorrect":true},{"cell":9367,"channel":0,"station":50,"owners":1,"channelCorrect":true},{"cell":9368,"channel":0,"station":50,"owners":1,"channelCorrect":true},{"cell":9369,"channel":0,"station":50,"owners":1,"channelCorrect":true},{"cell":9370,"channel":0,"station":50,"owners":1,"channelCorrect":true},{"cell":9371,"channel":0,"station":50,"owners":1,"channelCorrect":true},{"cell":9372,"channel":0,"station":50,"owners":1,"channelCorrect":true},{"cell":9373,"channel":0,"station":50,"owners":1,"channelCorrect":true},{"cell":9374,"channel":0,"station":50,"owners":1,"channelCorrect":true},{"cell":9375,"channel":0,"station":50,"owners":1,"channelCorrect":true},{"cell":9376,"channel":0,"station":50,"owners":1,"channelCorrect":true},{"cell":9377,"channel":0,"station":50,"owners":1,"channelCorrect":true},{"cell":9378,"channel":0,"station":50,"owners":1,"channelCorrect":true},{"cell":9379,"channel":0,"station":50,"owners":1,"channelCorrect":true},{"cell":9380,"channel":0,"station":50,"owners":1,"channelCorrect":true},{"cell":9612,"channel":0,"station":50,"owners":1,"channelCorrect":true},{"cell":9613,"channel":0,"station":50,"owners":1,"channelCorrect":true},{"cell":9614,"channel":0,"station":50,"owners":1,"channelCorrect":true},{"cell":9615,"channel":0,"station":50,"owners":1,"channelCorrect":true},{"cell":9616,"channel":0,"station":50,"owners":1,"channelCorrect":true},{"cell":9617,"channel":0,"station":50,"owners":1,"channelCorrect":true},{"cell":9618,"channel":0,"station":50,"owners":1,"channelCorrect":true},{"cell":9619,"channel":0,"station":50,"owners":1,"channelCorrect":true},{"cell":9620,"channel":0,"station":50,"owners":1,"channelCorrect":true},{"cell":9621,"channel":0,"station":50,"owners":1,"channelCorrect":true},{"cell":9622,"channel":0,"station":50,"owners":1,"channelCorrect":true},{"cell":9623,"channel":0,"station":50,"owners":1,"channelCorrect":true},{"cell":9624,"channel":0,"station":50,"owners":1,"channelCorrect":true},{"cell":9625,"channel":0,"station":50,"owners":1,"channelCorrect":true},{"cell":9626,"channel":0,"station":50,"owners":1,"channelCorrect":true},{"cell":9627,"channel":0,"station":50,"owners":1,"channelCorrect":true},{"cell":9861,"channel":0,"station":50,"owners":1,"channelCorrect":true},{"cell":9862,"channel":0,"station":50,"owners":1,"channelCorrect":true},{"cell":9863,"channel":0,"station":50,"owners":1,"channelCorrect":true},{"cell":9864,"channel":0,"station":50,"owners":1,"channelCorrect":true},{"cell":9865,"channel":0,"station":50,"owners":1,"channelCorrect":true},{"cell":9866,"channel":0,"station":50,"owners":1,"channelCorrect":true},{"cell":9867,"channel":0,"station":50,"owners":1,"channelCorrect":true},{"cell":9868,"channel":0,"station":50,"owners":1,"channelCorrect":true},{"cell":9869,"channel":0,"station":50,"owners":1,"channelCorrect":true},{"cell":9870,"channel":0,"station":50,"owners":1,"channelCorrect":true},{"cell":9871,"channel":0,"station":50,"owners":1,"channelCorrect":true},{"cell":9872,"channel":0,"station":50,"owners":1,"channelCorrect":true},{"cell":9873,"channel":0,"station":50,"owners":1,"channelCorrect":true},{"cell":10069,"channel":3,"station":114,"owners":1,"channelCorrect":true},{"cell":10070,"channel":3,"station":114,"owners":1,"channelCorrect":true},{"cell":10071,"channel":3,"station":114,"owners":1,"channelCorrect":true},{"cell":10072,"channel":3,"station":114,"owners":1,"channelCorrect":true},{"cell":10073,"channel":3,"station":114,"owners":1,"channelCorrect":true},{"cell":10074,"channel":3,"station":114,"owners":1,"channelCorrect":true},{"cell":10075,"channel":3,"station":114,"owners":1,"channelCorrect":true},{"cell":10076,"channel":3,"station":114,"owners":1,"channelCorrect":true},{"cell":10111,"channel":0,"station":50,"owners":1,"channelCorrect":true},{"cell":10112,"channel":0,"station":50,"owners":1,"channelCorrect":true},{"cell":10113,"channel":0,"station":50,"owners":1,"channelCorrect":true},{"cell":10114,"channel":0,"station":50,"owners":1,"channelCorrect":true},{"cell":10115,"channel":0,"station":50,"owners":1,"channelCorrect":true},{"cell":10116,"channel":0,"station":50,"owners":1,"channelCorrect":true},{"cell":10117,"channel":0,"station":50,"owners":1,"channelCorrect":true},{"cell":10118,"channel":0,"station":50,"owners":1,"channelCorrect":true},{"cell":10119,"channel":0,"station":50,"owners":1,"channelCorrect":true},{"cell":10120,"channel":0,"station":50,"owners":1,"channelCorrect":true},{"cell":10320,"channel":3,"station":114,"owners":1,"channelCorrect":true},{"cell":10321,"channel":3,"station":114,"owners":1,"channelCorrect":true},{"cell":10322,"channel":3,"station":114,"owners":1,"channelCorrect":true},{"cell":10323,"channel":3,"station":114,"owners":1,"channelCorrect":true},{"cell":10324,"channel":3,"station":114,"owners":1,"channelCorrect":true},{"cell":10325,"channel":3,"station":114,"owners":1,"channelCorrect":true},{"cell":10360,"channel":0,"station":50,"owners":1,"channelCorrect":true},{"cell":10361,"channel":0,"station":50,"owners":1,"channelCorrect":true},{"cell":10362,"channel":0,"station":50,"owners":1,"channelCorrect":true},{"cell":10363,"channel":0,"station":50,"owners":1,"channelCorrect":true},{"cell":10364,"channel":0,"station":50,"owners":1,"channelCorrect":true},{"cell":10365,"channel":0,"station":50,"owners":1,"channelCorrect":true},{"cell":10366,"channel":0,"station":50,"owners":1,"channelCorrect":true},{"cell":10367,"channel":0,"station":50,"owners":1,"channelCorrect":true},{"cell":10559,"channel":3,"station":114,"owners":1,"channelCorrect":true},{"cell":10571,"channel":3,"station":114,"owners":1,"channelCorrect":true},{"cell":10572,"channel":3,"station":114,"owners":1,"channelCorrect":true},{"cell":10609,"channel":0,"station":50,"owners":1,"channelCorrect":true},{"cell":10610,"channel":0,"station":50,"owners":1,"channelCorrect":true},{"cell":10611,"channel":0,"station":50,"owners":1,"channelCorrect":true},{"cell":10612,"channel":0,"station":50,"owners":1,"channelCorrect":true},{"cell":10613,"channel":0,"station":50,"owners":1,"channelCorrect":true},{"cell":10614,"channel":0,"station":50,"owners":1,"channelCorrect":true},{"cell":10858,"channel":0,"station":50,"owners":1,"channelCorrect":true},{"cell":10859,"channel":0,"station":50,"owners":1,"channelCorrect":true},{"cell":10860,"channel":0,"station":50,"owners":1,"channelCorrect":true},{"cell":11106,"channel":0,"station":50,"owners":1,"channelCorrect":true},{"cell":11107,"channel":0,"station":50,"owners":1,"channelCorrect":true},{"cell":50538,"channel":1,"station":50,"owners":1,"channelCorrect":true},{"cell":50539,"channel":1,"station":50,"owners":1,"channelCorrect":true},{"cell":50786,"channel":1,"station":50,"owners":1,"channelCorrect":true},{"cell":50787,"channel":1,"station":50,"owners":1,"channelCorrect":true},{"cell":50788,"channel":1,"station":50,"owners":1,"channelCorrect":true},{"cell":50983,"channel":2,"station":114,"owners":1,"channelCorrect":true},{"cell":50995,"channel":2,"station":114,"owners":1,"channelCorrect":true},{"cell":50996,"channel":2,"station":114,"owners":1,"channelCorrect":true},{"cell":51033,"channel":1,"station":50,"owners":1,"channelCorrect":true},{"cell":51034,"channel":1,"station":50,"owners":1,"channelCorrect":true},{"cell":51035,"channel":1,"station":50,"owners":1,"channelCorrect":true},{"cell":51036,"channel":1,"station":50,"owners":1,"channelCorrect":true},{"cell":51037,"channel":1,"station":50,"owners":1,"channelCorrect":true},{"cell":51240,"channel":2,"station":114,"owners":1,"channelCorrect":true},{"cell":51241,"channel":2,"station":114,"owners":1,"channelCorrect":true},{"cell":51242,"channel":2,"station":114,"owners":1,"channelCorrect":true},{"cell":51243,"channel":2,"station":114,"owners":1,"channelCorrect":true},{"cell":51244,"channel":2,"station":114,"owners":1,"channelCorrect":true},{"cell":51245,"channel":2,"station":114,"owners":1,"channelCorrect":true},{"cell":51280,"channel":1,"station":50,"owners":1,"channelCorrect":true},{"cell":51281,"channel":1,"station":50,"owners":1,"channelCorrect":true},{"cell":51282,"channel":1,"station":50,"owners":1,"channelCorrect":true},{"cell":51283,"channel":1,"station":50,"owners":1,"channelCorrect":true},{"cell":51284,"channel":1,"station":50,"owners":1,"channelCorrect":true},{"cell":51285,"channel":1,"station":50,"owners":1,"channelCorrect":true},{"cell":51286,"channel":1,"station":50,"owners":1,"channelCorrect":true},{"cell":51287,"channel":1,"station":50,"owners":1,"channelCorrect":true},{"cell":51485,"channel":2,"station":114,"owners":1,"channelCorrect":true},{"cell":51486,"channel":2,"station":114,"owners":1,"channelCorrect":true},{"cell":51487,"channel":2,"station":114,"owners":1,"channelCorrect":true},{"cell":51488,"channel":2,"station":114,"owners":1,"channelCorrect":true},{"cell":51489,"channel":2,"station":114,"owners":1,"channelCorrect":true},{"cell":51490,"channel":2,"station":114,"owners":1,"channelCorrect":true},{"cell":51491,"channel":2,"station":114,"owners":1,"channelCorrect":true},{"cell":51492,"channel":2,"station":114,"owners":1,"channelCorrect":true},{"cell":51527,"channel":1,"station":50,"owners":1,"channelCorrect":true},{"cell":51528,"channel":1,"station":50,"owners":1,"channelCorrect":true},{"cell":51529,"channel":1,"station":50,"owners":1,"channelCorrect":true},{"cell":51530,"channel":1,"station":50,"owners":1,"channelCorrect":true},{"cell":51531,"channel":1,"station":50,"owners":1,"channelCorrect":true},{"cell":51532,"channel":1,"station":50,"owners":1,"channelCorrect":true},{"cell":51533,"channel":1,"station":50,"owners":1,"channelCorrect":true},{"cell":51534,"channel":1,"station":50,"owners":1,"channelCorrect":true},{"cell":51535,"channel":1,"station":50,"owners":1,"channelCorrect":true},{"cell":51536,"channel":1,"station":50,"owners":1,"channelCorrect":true},{"cell":51773,"channel":1,"station":50,"owners":1,"channelCorrect":true},{"cell":51774,"channel":1,"station":50,"owners":1,"channelCorrect":true},{"cell":51775,"channel":1,"station":50,"owners":1,"channelCorrect":true},{"cell":51776,"channel":1,"station":50,"owners":1,"channelCorrect":true},{"cell":51777,"channel":1,"station":50,"owners":1,"channelCorrect":true},{"cell":51778,"channel":1,"station":50,"owners":1,"channelCorrect":true},{"cell":51779,"channel":1,"station":50,"owners":1,"channelCorrect":true},{"cell":51780,"channel":1,"station":50,"owners":1,"channelCorrect":true},{"cell":51781,"channel":1,"station":50,"owners":1,"channelCorrect":true},{"cell":51782,"channel":1,"station":50,"owners":1,"channelCorrect":true},{"cell":51783,"channel":1,"station":50,"owners":1,"channelCorrect":true},{"cell":51784,"channel":1,"station":50,"owners":1,"channelCorrect":true},{"cell":51785,"channel":1,"station":50,"owners":1,"channelCorrect":true},{"cell":52020,"channel":1,"station":50,"owners":1,"channelCorrect":true},{"cell":52021,"channel":1,"station":50,"owners":1,"channelCorrect":true},{"cell":52022,"channel":1,"station":50,"owners":1,"channelCorrect":true},{"cell":52023,"channel":1,"station":50,"owners":1,"channelCorrect":true},{"cell":52024,"channel":1,"station":50,"owners":1,"channelCorrect":true},{"cell":52025,"channel":1,"station":50,"owners":1,"channelCorrect":true},{"cell":52026,"channel":1,"station":50,"owners":1,"channelCorrect":true},{"cell":52027,"channel":1,"station":50,"owners":1,"channelCorrect":true},{"cell":52028,"channel":1,"station":50,"owners":1,"channelCorrect":true},{"cell":52029,"channel":1,"station":50,"owners":1,"channelCorrect":true},{"cell":52030,"channel":1,"station":50,"owners":1,"channelCorrect":true},{"cell":52031,"channel":1,"station":50,"owners":1,"channelCorrect":true},{"cell":52032,"channel":1,"station":50,"owners":1,"channelCorrect":true},{"cell":52033,"channel":1,"station":50,"owners":1,"channelCorrect":true},{"cell":52034,"channel":1,"station":50,"owners":1,"channelCorrect":true},{"cell":52214,"channel":2,"station":148,"owners":1,"channelCorrect":true},{"cell":52215,"channel":2,"station":148,"owners":1,"channelCorrect":true},{"cell":52216,"channel":2,"station":148,"owners":1,"channelCorrect":true},{"cell":52265,"channel":1,"station":50,"owners":1,"channelCorrect":true},{"cell":52267,"channel":1,"station":50,"owners":1,"channelCorrect":true},{"cell":52268,"channel":1,"station":50,"owners":1,"channelCorrect":true},{"cell":52269,"channel":1,"station":50,"owners":1,"channelCorrect":true},{"cell":52270,"channel":1,"station":50,"owners":1,"channelCorrect":true},{"cell":52271,"channel":1,"station":50,"owners":1,"channelCorrect":true},{"cell":52272,"channel":1,"station":50,"owners":1,"channelCorrect":true},{"cell":52273,"channel":1,"station":50,"owners":1,"channelCorrect":true},{"cell":52274,"channel":1,"station":50,"owners":1,"channelCorrect":true},{"cell":52275,"channel":1,"station":50,"owners":1,"channelCorrect":true},{"cell":52276,"channel":1,"station":50,"owners":1,"channelCorrect":true},{"cell":52277,"channel":1,"station":50,"owners":1,"channelCorrect":true},{"cell":52278,"channel":1,"station":50,"owners":1,"channelCorrect":true},{"cell":52279,"channel":1,"station":50,"owners":1,"channelCorrect":true},{"cell":52280,"channel":1,"station":50,"owners":1,"channelCorrect":true},{"cell":52281,"channel":1,"station":50,"owners":1,"channelCorrect":true},{"cell":52282,"channel":1,"station":50,"owners":1,"channelCorrect":true},{"cell":52283,"channel":1,"station":50,"owners":1,"channelCorrect":true},{"cell":52284,"channel":1,"station":50,"owners":1,"channelCorrect":true},{"cell":52451,"channel":2,"station":148,"owners":1,"channelCorrect":true},{"cell":52452,"channel":2,"station":148,"owners":1,"channelCorrect":true},{"cell":52513,"channel":1,"station":50,"owners":1,"channelCorrect":true},{"cell":52514,"channel":1,"station":50,"owners":1,"channelCorrect":true},{"cell":52515,"channel":1,"station":50,"owners":1,"channelCorrect":true},{"cell":52516,"channel":1,"station":50,"owners":1,"channelCorrect":true},{"cell":52517,"channel":1,"station":50,"owners":1,"channelCorrect":true},{"cell":52518,"channel":1,"station":50,"owners":1,"channelCorrect":true},{"cell":52519,"channel":1,"station":50,"owners":1,"channelCorrect":true},{"cell":52520,"channel":1,"station":50,"owners":1,"channelCorrect":true},{"cell":52521,"channel":1,"station":50,"owners":1,"channelCorrect":true},{"cell":52522,"channel":1,"station":50,"owners":1,"channelCorrect":true},{"cell":52523,"channel":1,"station":50,"owners":1,"channelCorrect":true},{"cell":52524,"channel":1,"station":50,"owners":1,"channelCorrect":true},{"cell":52525,"channel":1,"station":50,"owners":1,"channelCorrect":true},{"cell":52526,"channel":1,"station":50,"owners":1,"channelCorrect":true},{"cell":52527,"channel":1,"station":50,"owners":1,"channelCorrect":true},{"cell":52528,"channel":1,"station":50,"owners":1,"channelCorrect":true},{"cell":52529,"channel":1,"station":50,"owners":1,"channelCorrect":true},{"cell":52530,"channel":1,"station":50,"owners":1,"channelCorrect":true},{"cell":52531,"channel":1,"station":50,"owners":1,"channelCorrect":true},{"cell":52532,"channel":1,"station":50,"owners":1,"channelCorrect":true},{"cell":52533,"channel":1,"station":50,"owners":1,"channelCorrect":true},{"cell":52762,"channel":1,"station":50,"owners":1,"channelCorrect":true},{"cell":52763,"channel":1,"station":50,"owners":1,"channelCorrect":true},{"cell":52764,"channel":1,"station":50,"owners":1,"channelCorrect":true},{"cell":52765,"channel":1,"station":50,"owners":1,"channelCorrect":true},{"cell":52766,"channel":1,"station":50,"owners":1,"channelCorrect":true},{"cell":52767,"channel":1,"station":50,"owners":1,"channelCorrect":true},{"cell":52768,"channel":1,"station":50,"owners":1,"channelCorrect":true},{"cell":52769,"channel":1,"station":50,"owners":1,"channelCorrect":true},{"cell":52770,"channel":1,"station":50,"owners":1,"channelCorrect":true},{"cell":52771,"channel":1,"station":50,"owners":1,"channelCorrect":true},{"cell":52772,"channel":1,"station":50,"owners":1,"channelCorrect":true},{"cell":52773,"channel":1,"station":50,"owners":1,"channelCorrect":true},{"cell":52774,"channel":1,"station":50,"owners":1,"channelCorrect":true},{"cell":52775,"channel":1,"station":50,"owners":1,"channelCorrect":true},{"cell":52776,"channel":1,"station":50,"owners":1,"channelCorrect":true},{"cell":52777,"channel":1,"station":50,"owners":1,"channelCorrect":true},{"cell":52778,"channel":1,"station":50,"owners":1,"channelCorrect":true},{"cell":52779,"channel":1,"station":50,"owners":1,"channelCorrect":true},{"cell":52780,"channel":1,"station":50,"owners":1,"channelCorrect":true},{"cell":53011,"channel":1,"station":50,"owners":1,"channelCorrect":true},{"cell":53012,"channel":1,"station":50,"owners":1,"channelCorrect":true},{"cell":53013,"channel":1,"station":50,"owners":1,"channelCorrect":true},{"cell":53014,"channel":1,"station":50,"owners":1,"channelCorrect":true},{"cell":53015,"channel":1,"station":50,"owners":1,"channelCorrect":true},{"cell":53016,"channel":1,"station":50,"owners":1,"channelCorrect":true},{"cell":53017,"channel":1,"station":50,"owners":1,"channelCorrect":true},{"cell":53018,"channel":1,"station":50,"owners":1,"channelCorrect":true},{"cell":53019,"channel":1,"station":50,"owners":1,"channelCorrect":true},{"cell":53020,"channel":1,"station":50,"owners":1,"channelCorrect":true},{"cell":53021,"channel":1,"station":50,"owners":1,"channelCorrect":true},{"cell":53022,"channel":1,"station":50,"owners":1,"channelCorrect":true},{"cell":53023,"channel":1,"station":50,"owners":1,"channelCorrect":true},{"cell":53024,"channel":1,"station":50,"owners":1,"channelCorrect":true},{"cell":53025,"channel":1,"station":50,"owners":1,"channelCorrect":true},{"cell":53026,"channel":1,"station":50,"owners":1,"channelCorrect":true},{"cell":53027,"channel":1,"station":50,"owners":1,"channelCorrect":true},{"cell":53251,"channel":1,"station":82,"owners":1,"channelCorrect":true},{"cell":53252,"channel":1,"station":82,"owners":1,"channelCorrect":true},{"cell":53259,"channel":1,"station":50,"owners":1,"channelCorrect":true},{"cell":53260,"channel":1,"station":50,"owners":1,"channelCorrect":true},{"cell":53261,"channel":1,"station":50,"owners":1,"channelCorrect":true},{"cell":53262,"channel":1,"station":50,"owners":1,"channelCorrect":true},{"cell":53263,"channel":1,"station":50,"owners":1,"channelCorrect":true},{"cell":53264,"channel":1,"station":50,"owners":1,"channelCorrect":true},{"cell":53265,"channel":1,"station":50,"owners":1,"channelCorrect":true},{"cell":53266,"channel":1,"station":50,"owners":1,"channelCorrect":true},{"cell":53267,"channel":1,"station":50,"owners":1,"channelCorrect":true},{"cell":53268,"channel":1,"station":50,"owners":1,"channelCorrect":true},{"cell":53269,"channel":1,"station":50,"owners":1,"channelCorrect":true},{"cell":53270,"channel":1,"station":50,"owners":1,"channelCorrect":true},{"cell":53271,"channel":1,"station":50,"owners":1,"channelCorrect":true},{"cell":53272,"channel":1,"station":50,"owners":1,"channelCorrect":true},{"cell":53273,"channel":1,"station":50,"owners":1,"channelCorrect":true},{"cell":53274,"channel":1,"station":50,"owners":1,"channelCorrect":true},{"cell":53499,"channel":1,"station":82,"owners":1,"channelCorrect":true},{"cell":53500,"channel":1,"station":82,"owners":1,"channelCorrect":true},{"cell":53501,"channel":1,"station":82,"owners":1,"channelCorrect":true},{"cell":53508,"channel":1,"station":50,"owners":1,"channelCorrect":true},{"cell":53509,"channel":1,"station":50,"owners":1,"channelCorrect":true},{"cell":53510,"channel":1,"station":50,"owners":1,"channelCorrect":true},{"cell":53511,"channel":1,"station":50,"owners":1,"channelCorrect":true},{"cell":53512,"channel":1,"station":50,"owners":1,"channelCorrect":true},{"cell":53513,"channel":1,"station":50,"owners":1,"channelCorrect":true},{"cell":53514,"channel":1,"station":50,"owners":1,"channelCorrect":true},{"cell":53515,"channel":1,"station":50,"owners":1,"channelCorrect":true},{"cell":53516,"channel":1,"station":50,"owners":1,"channelCorrect":true},{"cell":53517,"channel":1,"station":50,"owners":1,"channelCorrect":true},{"cell":53518,"channel":1,"station":50,"owners":1,"channelCorrect":true},{"cell":53519,"channel":1,"station":50,"owners":1,"channelCorrect":true},{"cell":53520,"channel":1,"station":50,"owners":1,"channelCorrect":true},{"cell":53521,"channel":1,"station":50,"owners":1,"channelCorrect":true},{"cell":53745,"channel":1,"station":82,"owners":1,"channelCorrect":true},{"cell":53746,"channel":1,"station":82,"owners":1,"channelCorrect":true},{"cell":53747,"channel":1,"station":82,"owners":1,"channelCorrect":true},{"cell":53748,"channel":1,"station":82,"owners":1,"channelCorrect":true},{"cell":53749,"channel":1,"station":82,"owners":1,"channelCorrect":true},{"cell":53750,"channel":1,"station":82,"owners":1,"channelCorrect":true},{"cell":53756,"channel":1,"station":50,"owners":1,"channelCorrect":true},{"cell":53757,"channel":1,"station":50,"owners":1,"channelCorrect":true},{"cell":53758,"channel":1,"station":50,"owners":1,"channelCorrect":true},{"cell":53759,"channel":1,"station":50,"owners":1,"channelCorrect":true},{"cell":53760,"channel":1,"station":50,"owners":1,"channelCorrect":true},{"cell":53761,"channel":1,"station":50,"owners":1,"channelCorrect":true},{"cell":53762,"channel":1,"station":50,"owners":1,"channelCorrect":true},{"cell":53763,"channel":1,"station":50,"owners":1,"channelCorrect":true},{"cell":53764,"channel":1,"station":50,"owners":1,"channelCorrect":true},{"cell":53765,"channel":1,"station":50,"owners":1,"channelCorrect":true},{"cell":53766,"channel":1,"station":50,"owners":1,"channelCorrect":true},{"cell":53767,"channel":1,"station":50,"owners":1,"channelCorrect":true},{"cell":53991,"channel":1,"station":82,"owners":1,"channelCorrect":true},{"cell":53992,"channel":1,"station":82,"owners":1,"channelCorrect":true},{"cell":53993,"channel":1,"station":82,"owners":1,"channelCorrect":true},{"cell":53994,"channel":1,"station":82,"owners":1,"channelCorrect":true},{"cell":53995,"channel":1,"station":82,"owners":1,"channelCorrect":true},{"cell":53996,"channel":1,"station":82,"owners":1,"channelCorrect":true},{"cell":53997,"channel":1,"station":82,"owners":1,"channelCorrect":true},{"cell":53998,"channel":1,"station":82,"owners":1,"channelCorrect":true},{"cell":53999,"channel":1,"station":82,"owners":1,"channelCorrect":true},{"cell":54005,"channel":1,"station":50,"owners":1,"channelCorrect":true},{"cell":54006,"channel":1,"station":50,"owners":1,"channelCorrect":true},{"cell":54007,"channel":1,"station":50,"owners":1,"channelCorrect":true},{"cell":54008,"channel":1,"station":50,"owners":1,"channelCorrect":true},{"cell":54009,"channel":1,"station":50,"owners":1,"channelCorrect":true},{"cell":54010,"channel":1,"station":50,"owners":1,"channelCorrect":true},{"cell":54011,"channel":1,"station":50,"owners":1,"channelCorrect":true},{"cell":54012,"channel":1,"station":50,"owners":1,"channelCorrect":true},{"cell":54013,"channel":1,"station":50,"owners":1,"channelCorrect":true},{"cell":54014,"channel":1,"station":50,"owners":1,"channelCorrect":true},{"cell":54237,"channel":1,"station":82,"owners":1,"channelCorrect":true},{"cell":54238,"channel":1,"station":82,"owners":1,"channelCorrect":true},{"cell":54239,"channel":1,"station":82,"owners":1,"channelCorrect":true},{"cell":54240,"channel":1,"station":82,"owners":1,"channelCorrect":true},{"cell":54241,"channel":1,"station":82,"owners":1,"channelCorrect":true},{"cell":54242,"channel":1,"station":82,"owners":1,"channelCorrect":true},{"cell":54243,"channel":1,"station":82,"owners":1,"channelCorrect":true},{"cell":54244,"channel":1,"station":82,"owners":1,"channelCorrect":true},{"cell":54245,"channel":1,"station":82,"owners":1,"channelCorrect":true},{"cell":54246,"channel":1,"station":82,"owners":1,"channelCorrect":true},{"cell":54247,"channel":1,"station":82,"owners":1,"channelCorrect":true},{"cell":54248,"channel":1,"station":82,"owners":1,"channelCorrect":true},{"cell":54253,"channel":1,"station":50,"owners":1,"channelCorrect":true},{"cell":54254,"channel":1,"station":50,"owners":1,"channelCorrect":true},{"cell":54255,"channel":1,"station":50,"owners":1,"channelCorrect":true},{"cell":54256,"channel":1,"station":50,"owners":1,"channelCorrect":true},{"cell":54257,"channel":1,"station":50,"owners":1,"channelCorrect":true},{"cell":54258,"channel":1,"station":50,"owners":1,"channelCorrect":true},{"cell":54259,"channel":1,"station":50,"owners":1,"channelCorrect":true},{"cell":54260,"channel":1,"station":50,"owners":1,"channelCorrect":true},{"cell":54261,"channel":1,"station":50,"owners":1,"channelCorrect":true},{"cell":54483,"channel":1,"station":82,"owners":1,"channelCorrect":true},{"cell":54484,"channel":1,"station":82,"owners":1,"channelCorrect":true},{"cell":54485,"channel":1,"station":82,"owners":1,"channelCorrect":true},{"cell":54486,"channel":1,"station":82,"owners":1,"channelCorrect":true},{"cell":54487,"channel":1,"station":82,"owners":1,"channelCorrect":true},{"cell":54488,"channel":1,"station":82,"owners":1,"channelCorrect":true},{"cell":54489,"channel":1,"station":82,"owners":1,"channelCorrect":true},{"cell":54490,"channel":1,"station":82,"owners":1,"channelCorrect":true},{"cell":54491,"channel":1,"station":82,"owners":1,"channelCorrect":true},{"cell":54492,"channel":1,"station":82,"owners":1,"channelCorrect":true},{"cell":54493,"channel":1,"station":82,"owners":1,"channelCorrect":true},{"cell":54494,"channel":1,"station":82,"owners":1,"channelCorrect":true},{"cell":54495,"channel":1,"station":82,"owners":1,"channelCorrect":true},{"cell":54496,"channel":1,"station":82,"owners":1,"channelCorrect":true},{"cell":54502,"channel":1,"station":50,"owners":1,"channelCorrect":true},{"cell":54503,"channel":1,"station":50,"owners":1,"channelCorrect":true},{"cell":54504,"channel":1,"station":50,"owners":1,"channelCorrect":true},{"cell":54505,"channel":1,"station":50,"owners":1,"channelCorrect":true},{"cell":54506,"channel":1,"station":50,"owners":1,"channelCorrect":true},{"cell":54507,"channel":1,"station":50,"owners":1,"channelCorrect":true},{"cell":54508,"channel":1,"station":50,"owners":1,"channelCorrect":true},{"cell":54729,"channel":1,"station":82,"owners":1,"channelCorrect":true},{"cell":54730,"channel":1,"station":82,"owners":1,"channelCorrect":true},{"cell":54731,"channel":1,"station":82,"owners":1,"channelCorrect":true},{"cell":54732,"channel":1,"station":82,"owners":1,"channelCorrect":true},{"cell":54733,"channel":1,"station":82,"owners":1,"channelCorrect":true},{"cell":54734,"channel":1,"station":82,"owners":1,"channelCorrect":true},{"cell":54735,"channel":1,"station":82,"owners":1,"channelCorrect":true},{"cell":54736,"channel":1,"station":82,"owners":1,"channelCorrect":true},{"cell":54737,"channel":1,"station":82,"owners":1,"channelCorrect":true},{"cell":54738,"channel":1,"station":82,"owners":1,"channelCorrect":true},{"cell":54739,"channel":1,"station":82,"owners":1,"channelCorrect":true},{"cell":54740,"channel":1,"station":82,"owners":1,"channelCorrect":true},{"cell":54741,"channel":1,"station":82,"owners":1,"channelCorrect":true},{"cell":54742,"channel":1,"station":82,"owners":1,"channelCorrect":true},{"cell":54743,"channel":1,"station":82,"owners":1,"channelCorrect":true},{"cell":54744,"channel":1,"station":82,"owners":1,"channelCorrect":true},{"cell":54745,"channel":1,"station":82,"owners":1,"channelCorrect":true},{"cell":54750,"channel":1,"station":50,"owners":1,"channelCorrect":true},{"cell":54751,"channel":1,"station":50,"owners":1,"channelCorrect":true},{"cell":54752,"channel":1,"station":50,"owners":1,"channelCorrect":true},{"cell":54753,"channel":1,"station":50,"owners":1,"channelCorrect":true},{"cell":54754,"channel":1,"station":50,"owners":1,"channelCorrect":true},{"cell":54978,"channel":1,"station":82,"owners":1,"channelCorrect":true},{"cell":54979,"channel":1,"station":82,"owners":1,"channelCorrect":true},{"cell":54980,"channel":1,"station":82,"owners":1,"channelCorrect":true},{"cell":54981,"channel":1,"station":82,"owners":1,"channelCorrect":true},{"cell":54982,"channel":1,"station":82,"owners":1,"channelCorrect":true},{"cell":54983,"channel":1,"station":82,"owners":1,"channelCorrect":true},{"cell":54984,"channel":1,"station":82,"owners":1,"channelCorrect":true},{"cell":54985,"channel":1,"station":82,"owners":1,"channelCorrect":true},{"cell":54986,"channel":1,"station":82,"owners":1,"channelCorrect":true},{"cell":54987,"channel":1,"station":82,"owners":1,"channelCorrect":true},{"cell":54988,"channel":1,"station":82,"owners":1,"channelCorrect":true},{"cell":54989,"channel":1,"station":82,"owners":1,"channelCorrect":true},{"cell":54990,"channel":1,"station":82,"owners":1,"channelCorrect":true},{"cell":54991,"channel":1,"station":82,"owners":1,"channelCorrect":true},{"cell":54992,"channel":1,"station":82,"owners":1,"channelCorrect":true},{"cell":54993,"channel":1,"station":82,"owners":1,"channelCorrect":true},{"cell":54994,"channel":1,"station":82,"owners":1,"channelCorrect":true},{"cell":54999,"channel":1,"station":50,"owners":1,"channelCorrect":true},{"cell":55000,"channel":1,"station":50,"owners":1,"channelCorrect":true},{"cell":55001,"channel":1,"station":50,"owners":1,"channelCorrect":true},{"cell":55198,"channel":2,"station":148,"owners":1,"channelCorrect":true},{"cell":55226,"channel":1,"station":82,"owners":1,"channelCorrect":true},{"cell":55227,"channel":1,"station":82,"owners":1,"channelCorrect":true},{"cell":55228,"channel":1,"station":82,"owners":1,"channelCorrect":true},{"cell":55229,"channel":1,"station":82,"owners":1,"channelCorrect":true},{"cell":55230,"channel":1,"station":82,"owners":1,"channelCorrect":true},{"cell":55231,"channel":1,"station":82,"owners":1,"channelCorrect":true},{"cell":55232,"channel":1,"station":82,"owners":1,"channelCorrect":true},{"cell":55233,"channel":1,"station":82,"owners":1,"channelCorrect":true},{"cell":55234,"channel":1,"station":82,"owners":1,"channelCorrect":true},{"cell":55235,"channel":1,"station":82,"owners":1,"channelCorrect":true},{"cell":55236,"channel":1,"station":82,"owners":1,"channelCorrect":true},{"cell":55237,"channel":1,"station":82,"owners":1,"channelCorrect":true},{"cell":55238,"channel":1,"station":82,"owners":1,"channelCorrect":true},{"cell":55239,"channel":1,"station":82,"owners":1,"channelCorrect":true},{"cell":55240,"channel":1,"station":82,"owners":1,"channelCorrect":true},{"cell":55241,"channel":1,"station":82,"owners":1,"channelCorrect":true},{"cell":55242,"channel":1,"station":82,"owners":1,"channelCorrect":true},{"cell":55243,"channel":1,"station":82,"owners":1,"channelCorrect":true},{"cell":55247,"channel":1,"station":50,"owners":1,"channelCorrect":true},{"cell":55248,"channel":1,"station":50,"owners":1,"channelCorrect":true},{"cell":55447,"channel":2,"station":148,"owners":1,"channelCorrect":true},{"cell":55451,"channel":2,"station":114,"owners":1,"channelCorrect":true},{"cell":55465,"channel":1,"station":118,"owners":1,"channelCorrect":true},{"cell":55466,"channel":1,"station":118,"owners":1,"channelCorrect":true},{"cell":55474,"channel":1,"station":82,"owners":1,"channelCorrect":true},{"cell":55475,"channel":1,"station":82,"owners":1,"channelCorrect":true},{"cell":55476,"channel":1,"station":82,"owners":1,"channelCorrect":true},{"cell":55477,"channel":1,"station":82,"owners":1,"channelCorrect":true},{"cell":55478,"channel":1,"station":82,"owners":1,"channelCorrect":true},{"cell":55479,"channel":1,"station":82,"owners":1,"channelCorrect":true},{"cell":55480,"channel":1,"station":82,"owners":1,"channelCorrect":true},{"cell":55481,"channel":1,"station":82,"owners":1,"channelCorrect":true},{"cell":55482,"channel":1,"station":82,"owners":1,"channelCorrect":true},{"cell":55483,"channel":1,"station":82,"owners":1,"channelCorrect":true},{"cell":55484,"channel":1,"station":82,"owners":1,"channelCorrect":true},{"cell":55485,"channel":1,"station":82,"owners":1,"channelCorrect":true},{"cell":55486,"channel":1,"station":82,"owners":1,"channelCorrect":true},{"cell":55487,"channel":1,"station":82,"owners":1,"channelCorrect":true},{"cell":55488,"channel":1,"station":82,"owners":1,"channelCorrect":true},{"cell":55489,"channel":1,"station":82,"owners":1,"channelCorrect":true},{"cell":55490,"channel":1,"station":82,"owners":1,"channelCorrect":true},{"cell":55491,"channel":1,"station":82,"owners":1,"channelCorrect":true},{"cell":55492,"channel":1,"station":82,"owners":1,"channelCorrect":true},{"cell":55695,"channel":2,"station":148,"owners":1,"channelCorrect":true},{"cell":55701,"channel":1,"station":118,"owners":1,"channelCorrect":true},{"cell":55702,"channel":1,"station":118,"owners":1,"channelCorrect":true},{"cell":55710,"channel":1,"station":118,"owners":1,"channelCorrect":true},{"cell":55711,"channel":1,"station":118,"owners":1,"channelCorrect":true},{"cell":55712,"channel":1,"station":118,"owners":1,"channelCorrect":true},{"cell":55713,"channel":1,"station":118,"owners":1,"channelCorrect":true},{"cell":55714,"channel":1,"station":118,"owners":1,"channelCorrect":true},{"cell":55715,"channel":1,"station":118,"owners":1,"channelCorrect":true},{"cell":55722,"channel":1,"station":82,"owners":1,"channelCorrect":true},{"cell":55723,"channel":1,"station":82,"owners":1,"channelCorrect":true},{"cell":55724,"channel":1,"station":82,"owners":1,"channelCorrect":true},{"cell":55725,"channel":1,"station":82,"owners":1,"channelCorrect":true},{"cell":55726,"channel":1,"station":82,"owners":1,"channelCorrect":true},{"cell":55727,"channel":1,"station":82,"owners":1,"channelCorrect":true},{"cell":55728,"channel":1,"station":82,"owners":1,"channelCorrect":true},{"cell":55729,"channel":1,"station":82,"owners":1,"channelCorrect":true},{"cell":55730,"channel":1,"station":82,"owners":1,"channelCorrect":true},{"cell":55731,"channel":1,"station":82,"owners":1,"channelCorrect":true},{"cell":55732,"channel":1,"station":82,"owners":1,"channelCorrect":true},{"cell":55733,"channel":1,"station":82,"owners":1,"channelCorrect":true},{"cell":55734,"channel":1,"station":82,"owners":1,"channelCorrect":true},{"cell":55735,"channel":1,"station":82,"owners":1,"channelCorrect":true},{"cell":55736,"channel":1,"station":82,"owners":1,"channelCorrect":true},{"cell":55737,"channel":1,"station":82,"owners":1,"channelCorrect":true},{"cell":55738,"channel":1,"station":82,"owners":1,"channelCorrect":true},{"cell":55741,"channel":1,"station":82,"owners":1,"channelCorrect":true},{"cell":55950,"channel":1,"station":118,"owners":1,"channelCorrect":true},{"cell":55955,"channel":1,"station":118,"owners":1,"channelCorrect":true},{"cell":55956,"channel":1,"station":118,"owners":1,"channelCorrect":true},{"cell":55957,"channel":1,"station":118,"owners":1,"channelCorrect":true},{"cell":55958,"channel":1,"station":118,"owners":1,"channelCorrect":true},{"cell":55959,"channel":1,"station":118,"owners":1,"channelCorrect":true},{"cell":55960,"channel":1,"station":118,"owners":1,"channelCorrect":true},{"cell":55961,"channel":1,"station":118,"owners":1,"channelCorrect":true},{"cell":55962,"channel":1,"station":118,"owners":1,"channelCorrect":true},{"cell":55963,"channel":1,"station":118,"owners":1,"channelCorrect":true},{"cell":55971,"channel":1,"station":82,"owners":1,"channelCorrect":true},{"cell":55972,"channel":1,"station":82,"owners":1,"channelCorrect":true},{"cell":55973,"channel":1,"station":82,"owners":1,"channelCorrect":true},{"cell":55974,"channel":1,"station":82,"owners":1,"channelCorrect":true},{"cell":55975,"channel":1,"station":82,"owners":1,"channelCorrect":true},{"cell":55976,"channel":1,"station":82,"owners":1,"channelCorrect":true},{"cell":55977,"channel":1,"station":82,"owners":1,"channelCorrect":true},{"cell":55978,"channel":1,"station":82,"owners":1,"channelCorrect":true},{"cell":55979,"channel":1,"station":82,"owners":1,"channelCorrect":true},{"cell":55980,"channel":1,"station":82,"owners":1,"channelCorrect":true},{"cell":55981,"channel":1,"station":82,"owners":1,"channelCorrect":true},{"cell":55982,"channel":1,"station":82,"owners":1,"channelCorrect":true},{"cell":55983,"channel":1,"station":82,"owners":1,"channelCorrect":true},{"cell":55984,"channel":1,"station":82,"owners":1,"channelCorrect":true},{"cell":56198,"channel":1,"station":118,"owners":1,"channelCorrect":true},{"cell":56200,"channel":1,"station":118,"owners":1,"channelCorrect":true},{"cell":56201,"channel":1,"station":118,"owners":1,"channelCorrect":true},{"cell":56202,"channel":1,"station":118,"owners":1,"channelCorrect":true},{"cell":56203,"channel":1,"station":118,"owners":1,"channelCorrect":true},{"cell":56204,"channel":1,"station":118,"owners":1,"channelCorrect":true},{"cell":56205,"channel":1,"station":118,"owners":1,"channelCorrect":true},{"cell":56206,"channel":1,"station":118,"owners":1,"channelCorrect":true},{"cell":56207,"channel":1,"station":118,"owners":1,"channelCorrect":true},{"cell":56208,"channel":1,"station":118,"owners":1,"channelCorrect":true},{"cell":56209,"channel":1,"station":118,"owners":1,"channelCorrect":true},{"cell":56210,"channel":1,"station":118,"owners":1,"channelCorrect":true},{"cell":56211,"channel":1,"station":118,"owners":1,"channelCorrect":true},{"cell":56212,"channel":1,"station":118,"owners":1,"channelCorrect":true},{"cell":56219,"channel":1,"station":82,"owners":1,"channelCorrect":true},{"cell":56220,"channel":1,"station":82,"owners":1,"channelCorrect":true},{"cell":56221,"channel":1,"station":82,"owners":1,"channelCorrect":true},{"cell":56222,"channel":1,"station":82,"owners":1,"channelCorrect":true},{"cell":56223,"channel":1,"station":82,"owners":1,"channelCorrect":true},{"cell":56224,"channel":1,"station":82,"owners":1,"channelCorrect":true},{"cell":56225,"channel":1,"station":82,"owners":1,"channelCorrect":true},{"cell":56226,"channel":1,"station":82,"owners":1,"channelCorrect":true},{"cell":56227,"channel":1,"station":82,"owners":1,"channelCorrect":true},{"cell":56228,"channel":1,"station":82,"owners":1,"channelCorrect":true},{"cell":56229,"channel":1,"station":82,"owners":1,"channelCorrect":true},{"cell":56230,"channel":1,"station":82,"owners":1,"channelCorrect":true},{"cell":56231,"channel":1,"station":82,"owners":1,"channelCorrect":true},{"cell":56446,"channel":1,"station":118,"owners":1,"channelCorrect":true},{"cell":56447,"channel":1,"station":118,"owners":1,"channelCorrect":true},{"cell":56448,"channel":1,"station":118,"owners":1,"channelCorrect":true},{"cell":56449,"channel":1,"station":118,"owners":1,"channelCorrect":true},{"cell":56450,"channel":1,"station":118,"owners":1,"channelCorrect":true},{"cell":56451,"channel":1,"station":118,"owners":1,"channelCorrect":true},{"cell":56452,"channel":1,"station":118,"owners":1,"channelCorrect":true},{"cell":56453,"channel":1,"station":118,"owners":1,"channelCorrect":true},{"cell":56454,"channel":1,"station":118,"owners":1,"channelCorrect":true},{"cell":56455,"channel":1,"station":118,"owners":1,"channelCorrect":true},{"cell":56456,"channel":1,"station":118,"owners":1,"channelCorrect":true},{"cell":56457,"channel":1,"station":118,"owners":1,"channelCorrect":true},{"cell":56458,"channel":1,"station":118,"owners":1,"channelCorrect":true},{"cell":56459,"channel":1,"station":118,"owners":1,"channelCorrect":true},{"cell":56460,"channel":1,"station":118,"owners":1,"channelCorrect":true},{"cell":56461,"channel":1,"station":118,"owners":1,"channelCorrect":true},{"cell":56467,"channel":1,"station":82,"owners":1,"channelCorrect":true},{"cell":56468,"channel":1,"station":82,"owners":1,"channelCorrect":true},{"cell":56469,"channel":1,"station":82,"owners":1,"channelCorrect":true},{"cell":56470,"channel":1,"station":82,"owners":1,"channelCorrect":true},{"cell":56471,"channel":1,"station":82,"owners":1,"channelCorrect":true},{"cell":56472,"channel":1,"station":82,"owners":1,"channelCorrect":true},{"cell":56473,"channel":1,"station":82,"owners":1,"channelCorrect":true},{"cell":56474,"channel":1,"station":82,"owners":1,"channelCorrect":true},{"cell":56475,"channel":1,"station":82,"owners":1,"channelCorrect":true},{"cell":56476,"channel":1,"station":82,"owners":1,"channelCorrect":true},{"cell":56477,"channel":1,"station":82,"owners":1,"channelCorrect":true},{"cell":56694,"channel":1,"station":118,"owners":1,"channelCorrect":true},{"cell":56695,"channel":1,"station":118,"owners":1,"channelCorrect":true},{"cell":56696,"channel":1,"station":118,"owners":1,"channelCorrect":true},{"cell":56697,"channel":1,"station":118,"owners":1,"channelCorrect":true},{"cell":56698,"channel":1,"station":118,"owners":1,"channelCorrect":true},{"cell":56699,"channel":1,"station":118,"owners":1,"channelCorrect":true},{"cell":56700,"channel":1,"station":118,"owners":1,"channelCorrect":true},{"cell":56701,"channel":1,"station":118,"owners":1,"channelCorrect":true},{"cell":56702,"channel":1,"station":118,"owners":1,"channelCorrect":true},{"cell":56703,"channel":1,"station":118,"owners":1,"channelCorrect":true},{"cell":56704,"channel":1,"station":118,"owners":1,"channelCorrect":true},{"cell":56705,"channel":1,"station":118,"owners":1,"channelCorrect":true},{"cell":56706,"channel":1,"station":118,"owners":1,"channelCorrect":true},{"cell":56707,"channel":1,"station":118,"owners":1,"channelCorrect":true},{"cell":56708,"channel":1,"station":118,"owners":1,"channelCorrect":true},{"cell":56709,"channel":1,"station":118,"owners":1,"channelCorrect":true},{"cell":56715,"channel":1,"station":82,"owners":1,"channelCorrect":true},{"cell":56716,"channel":1,"station":82,"owners":1,"channelCorrect":true},{"cell":56717,"channel":1,"station":82,"owners":1,"channelCorrect":true},{"cell":56718,"channel":1,"station":82,"owners":1,"channelCorrect":true},{"cell":56719,"channel":1,"station":82,"owners":1,"channelCorrect":true},{"cell":56720,"channel":1,"station":82,"owners":1,"channelCorrect":true},{"cell":56721,"channel":1,"station":82,"owners":1,"channelCorrect":true},{"cell":56722,"channel":1,"station":82,"owners":1,"channelCorrect":true},{"cell":56942,"channel":1,"station":118,"owners":1,"channelCorrect":true},{"cell":56943,"channel":1,"station":118,"owners":1,"channelCorrect":true},{"cell":56944,"channel":1,"station":118,"owners":1,"channelCorrect":true},{"cell":56945,"channel":1,"station":118,"owners":1,"channelCorrect":true},{"cell":56946,"channel":1,"station":118,"owners":1,"channelCorrect":true},{"cell":56947,"channel":1,"station":118,"owners":1,"channelCorrect":true},{"cell":56948,"channel":1,"station":118,"owners":1,"channelCorrect":true},{"cell":56949,"channel":1,"station":118,"owners":1,"channelCorrect":true},{"cell":56950,"channel":1,"station":118,"owners":1,"channelCorrect":true},{"cell":56951,"channel":1,"station":118,"owners":1,"channelCorrect":true},{"cell":56952,"channel":1,"station":118,"owners":1,"channelCorrect":true},{"cell":56953,"channel":1,"station":118,"owners":1,"channelCorrect":true},{"cell":56954,"channel":1,"station":118,"owners":1,"channelCorrect":true},{"cell":56955,"channel":1,"station":118,"owners":1,"channelCorrect":true},{"cell":56956,"channel":1,"station":118,"owners":1,"channelCorrect":true},{"cell":56957,"channel":1,"station":118,"owners":1,"channelCorrect":true},{"cell":56958,"channel":1,"station":118,"owners":1,"channelCorrect":true},{"cell":56964,"channel":1,"station":82,"owners":1,"channelCorrect":true},{"cell":56965,"channel":1,"station":82,"owners":1,"channelCorrect":true},{"cell":56966,"channel":1,"station":82,"owners":1,"channelCorrect":true},{"cell":56967,"channel":1,"station":82,"owners":1,"channelCorrect":true},{"cell":56968,"channel":1,"station":82,"owners":1,"channelCorrect":true},{"cell":57190,"channel":1,"station":118,"owners":1,"channelCorrect":true},{"cell":57191,"channel":1,"station":118,"owners":1,"channelCorrect":true},{"cell":57192,"channel":1,"station":118,"owners":1,"channelCorrect":true},{"cell":57193,"channel":1,"station":118,"owners":1,"channelCorrect":true},{"cell":57194,"channel":1,"station":118,"owners":1,"channelCorrect":true},{"cell":57195,"channel":1,"station":118,"owners":1,"channelCorrect":true},{"cell":57196,"channel":1,"station":118,"owners":1,"channelCorrect":true},{"cell":57197,"channel":1,"station":118,"owners":1,"channelCorrect":true},{"cell":57198,"channel":1,"station":118,"owners":1,"channelCorrect":true},{"cell":57199,"channel":1,"station":118,"owners":1,"channelCorrect":true},{"cell":57200,"channel":1,"station":118,"owners":1,"channelCorrect":true},{"cell":57201,"channel":1,"station":118,"owners":1,"channelCorrect":true},{"cell":57202,"channel":1,"station":118,"owners":1,"channelCorrect":true},{"cell":57203,"channel":1,"station":118,"owners":1,"channelCorrect":true},{"cell":57204,"channel":1,"station":118,"owners":1,"channelCorrect":true},{"cell":57205,"channel":1,"station":118,"owners":1,"channelCorrect":true},{"cell":57206,"channel":1,"station":118,"owners":1,"channelCorrect":true},{"cell":57207,"channel":1,"station":118,"owners":1,"channelCorrect":true},{"cell":57212,"channel":1,"station":82,"owners":1,"channelCorrect":true},{"cell":57213,"channel":1,"station":82,"owners":1,"channelCorrect":true},{"cell":57214,"channel":1,"station":82,"owners":1,"channelCorrect":true},{"cell":57438,"channel":1,"station":118,"owners":1,"channelCorrect":true},{"cell":57439,"channel":1,"station":118,"owners":1,"channelCorrect":true},{"cell":57440,"channel":1,"station":118,"owners":1,"channelCorrect":true},{"cell":57441,"channel":1,"station":118,"owners":1,"channelCorrect":true},{"cell":57442,"channel":1,"station":118,"owners":1,"channelCorrect":true},{"cell":57443,"channel":1,"station":118,"owners":1,"channelCorrect":true},{"cell":57444,"channel":1,"station":118,"owners":1,"channelCorrect":true},{"cell":57445,"channel":1,"station":118,"owners":1,"channelCorrect":true},{"cell":57446,"channel":1,"station":118,"owners":1,"channelCorrect":true},{"cell":57447,"channel":1,"station":118,"owners":1,"channelCorrect":true},{"cell":57448,"channel":1,"station":118,"owners":1,"channelCorrect":true},{"cell":57449,"channel":1,"station":118,"owners":1,"channelCorrect":true},{"cell":57450,"channel":1,"station":118,"owners":1,"channelCorrect":true},{"cell":57451,"channel":1,"station":118,"owners":1,"channelCorrect":true},{"cell":57452,"channel":1,"station":118,"owners":1,"channelCorrect":true},{"cell":57453,"channel":1,"station":118,"owners":1,"channelCorrect":true},{"cell":57454,"channel":1,"station":118,"owners":1,"channelCorrect":true},{"cell":57455,"channel":1,"station":118,"owners":1,"channelCorrect":true},{"cell":57686,"channel":1,"station":118,"owners":1,"channelCorrect":true},{"cell":57687,"channel":1,"station":118,"owners":1,"channelCorrect":true},{"cell":57688,"channel":1,"station":118,"owners":1,"channelCorrect":true},{"cell":57689,"channel":1,"station":118,"owners":1,"channelCorrect":true},{"cell":57690,"channel":1,"station":118,"owners":1,"channelCorrect":true},{"cell":57691,"channel":1,"station":118,"owners":1,"channelCorrect":true},{"cell":57692,"channel":1,"station":118,"owners":1,"channelCorrect":true},{"cell":57693,"channel":1,"station":118,"owners":1,"channelCorrect":true},{"cell":57694,"channel":1,"station":118,"owners":1,"channelCorrect":true},{"cell":57695,"channel":1,"station":118,"owners":1,"channelCorrect":true},{"cell":57696,"channel":1,"station":118,"owners":1,"channelCorrect":true},{"cell":57697,"channel":1,"station":118,"owners":1,"channelCorrect":true},{"cell":57698,"channel":1,"station":118,"owners":1,"channelCorrect":true},{"cell":57699,"channel":1,"station":118,"owners":1,"channelCorrect":true},{"cell":57700,"channel":1,"station":118,"owners":1,"channelCorrect":true},{"cell":57701,"channel":1,"station":118,"owners":1,"channelCorrect":true},{"cell":57702,"channel":1,"station":118,"owners":1,"channelCorrect":true},{"cell":57703,"channel":1,"station":118,"owners":1,"channelCorrect":true},{"cell":57934,"channel":1,"station":118,"owners":1,"channelCorrect":true},{"cell":57935,"channel":1,"station":118,"owners":1,"channelCorrect":true},{"cell":57936,"channel":1,"station":118,"owners":1,"channelCorrect":true},{"cell":57937,"channel":1,"station":118,"owners":1,"channelCorrect":true},{"cell":57938,"channel":1,"station":118,"owners":1,"channelCorrect":true},{"cell":57939,"channel":1,"station":118,"owners":1,"channelCorrect":true},{"cell":57940,"channel":1,"station":118,"owners":1,"channelCorrect":true},{"cell":57941,"channel":1,"station":118,"owners":1,"channelCorrect":true},{"cell":57942,"channel":1,"station":118,"owners":1,"channelCorrect":true},{"cell":57943,"channel":1,"station":118,"owners":1,"channelCorrect":true},{"cell":57944,"channel":1,"station":118,"owners":1,"channelCorrect":true},{"cell":57945,"channel":1,"station":118,"owners":1,"channelCorrect":true},{"cell":57946,"channel":1,"station":118,"owners":1,"channelCorrect":true},{"cell":57947,"channel":1,"station":118,"owners":1,"channelCorrect":true},{"cell":57948,"channel":1,"station":118,"owners":1,"channelCorrect":true},{"cell":57949,"channel":1,"station":118,"owners":1,"channelCorrect":true},{"cell":58182,"channel":1,"station":118,"owners":1,"channelCorrect":true},{"cell":58183,"channel":1,"station":118,"owners":1,"channelCorrect":true},{"cell":58184,"channel":1,"station":118,"owners":1,"channelCorrect":true},{"cell":58185,"channel":1,"station":118,"owners":1,"channelCorrect":true},{"cell":58186,"channel":1,"station":118,"owners":1,"channelCorrect":true},{"cell":58187,"channel":1,"station":118,"owners":1,"channelCorrect":true},{"cell":58188,"channel":1,"station":118,"owners":1,"channelCorrect":true},{"cell":58189,"channel":1,"station":118,"owners":1,"channelCorrect":true},{"cell":58190,"channel":1,"station":118,"owners":1,"channelCorrect":true},{"cell":58191,"channel":1,"station":118,"owners":1,"channelCorrect":true},{"cell":58192,"channel":1,"station":118,"owners":1,"channelCorrect":true},{"cell":58193,"channel":1,"station":118,"owners":1,"channelCorrect":true},{"cell":58194,"channel":1,"station":118,"owners":1,"channelCorrect":true},{"cell":58430,"channel":1,"station":118,"owners":1,"channelCorrect":true},{"cell":58431,"channel":1,"station":118,"owners":1,"channelCorrect":true},{"cell":58432,"channel":1,"station":118,"owners":1,"channelCorrect":true},{"cell":58433,"channel":1,"station":118,"owners":1,"channelCorrect":true},{"cell":58434,"channel":1,"station":118,"owners":1,"channelCorrect":true},{"cell":58435,"channel":1,"station":118,"owners":1,"channelCorrect":true},{"cell":58436,"channel":1,"station":118,"owners":1,"channelCorrect":true},{"cell":58437,"channel":1,"station":118,"owners":1,"channelCorrect":true},{"cell":58438,"channel":1,"station":118,"owners":1,"channelCorrect":true},{"cell":58439,"channel":1,"station":118,"owners":1,"channelCorrect":true},{"cell":58441,"channel":1,"station":118,"owners":1,"channelCorrect":true},{"cell":58678,"channel":1,"station":118,"owners":1,"channelCorrect":true},{"cell":58679,"channel":1,"station":118,"owners":1,"channelCorrect":true},{"cell":58680,"channel":1,"station":118,"owners":1,"channelCorrect":true},{"cell":58681,"channel":1,"station":118,"owners":1,"channelCorrect":true},{"cell":58682,"channel":1,"station":118,"owners":1,"channelCorrect":true},{"cell":58683,"channel":1,"station":118,"owners":1,"channelCorrect":true},{"cell":58684,"channel":1,"station":118,"owners":1,"channelCorrect":true},{"cell":58686,"channel":1,"station":118,"owners":1,"channelCorrect":true},{"cell":58926,"channel":1,"station":118,"owners":1,"channelCorrect":true},{"cell":58927,"channel":1,"station":118,"owners":1,"channelCorrect":true},{"cell":58928,"channel":1,"station":118,"owners":1,"channelCorrect":true},{"cell":58929,"channel":1,"station":118,"owners":1,"channelCorrect":true}],"faces":7180,"base":6382,"crossing":6382,"preserved":true,"ownership":true,"travel":[{"channel":0,"active":true},{"channel":1,"active":true},{"channel":2,"active":true},{"channel":3,"active":true}]}
CHECK PASS birds-eye combat: descending either route never shortens its opening and retains as much path ahead as behind until the route ends [{"channel":0,"backwards":0,"minimum":0,"balance":-0.9166666666666998,"matched":49,"balanced":25,"end":255,"windowActive":true,"roof":{"partition":true,"voxelWalls":true,"walls":1464,"removable":20985,"windowRoofFaces":[13684,14637]}},{"channel":1,"backwards":0,"minimum":0,"balance":-0.9166666666666643,"matched":49,"balanced":25,"end":255,"windowActive":true,"roof":{"partition":true,"voxelWalls":true,"walls":1464,"removable":20985,"windowRoofFaces":[13684,14637]}},{"channel":2,"backwards":0,"minimum":0,"balance":-1,"matched":49,"balanced":25,"end":255,"windowActive":true,"roof":{"partition":true,"voxelWalls":true,"walls":0,"removable":20985,"windowRoofFaces":[13684,14637]}},{"channel":3,"backwards":0,"minimum":0,"balance":-1,"matched":49,"balanced":25,"end":255,"windowActive":true,"roof":{"partition":true,"voxelWalls":true,"walls":0,"removable":20985,"windowRoofFaces":[13684,14637]}}]
CHECK PASS birds-eye combat: the HQ landing keeps identical completed ramp coverage inside and just outside the travel detector [{"hi":[255,255,30,30],"cutFaces":[599,553,237,237]},{"hi":[255,255,30,30],"cutFaces":[599,553,237,237]}]
CHECK PASS birds-eye combat: hill and jet-height cave roofs share the ramp cover's smooth opacity timing {"out":[{"path":0.9910836815834045,"cave":0.9910836762688614},{"path":0.965706467628479,"cave":0.9657064471879286},{"path":0.9259259104728699,"cave":0.9259259259259259},{"path":0.873799741268158,"cave":0.8737997256515775},{"path":0.811385452747345,"cave":0.8113854595336076},{"path":0.7407407164573669,"cave":0.7407407407407407},{"path":0.6639232039451599,"cave":0.6639231824417008},{"path":0.5829904079437256,"cave":0.5829903978052126},{"path":0.5,"cave":0.4999999999999999},{"path":0.4170095920562744,"cave":0.4170096021947872},{"path":0.3360768258571625,"cave":0.33607681755829877},{"path":0.25925925374031067,"cave":0.25925925925925897},{"path":0.18861454725265503,"cave":0.18861454046639203},{"path":0.12620027363300323,"cave":0.1262002743484223},{"path":0.07407407462596893,"cave":0.07407407407407385},{"path":0.03429355099797249,"cave":0.03429355281207114},{"path":0.008916324004530907,"cave":0.008916323731138376},{"path":0,"cave":0},{"path":0,"cave":0},{"path":0,"cave":0},{"path":0,"cave":0},{"path":0,"cave":0}],"in":[{"path":0.008916324004530907,"cave":0.008916323731138487},{"path":0.03429355099797249,"cave":0.03429355281207136},{"path":0.07407407462596893,"cave":0.07407407407407418},{"path":0.12620027363300323,"cave":0.12620027434842263},{"path":0.18861454725265503,"cave":0.18861454046639237},{"path":0.25925925374031067,"cave":0.2592592592592594},{"path":0.3360768258571625,"cave":0.3360768175582993},{"path":0.4170095920562744,"cave":0.41700960219478767},{"path":0.5,"cave":0.5000000000000003},{"path":0.5829904079437256,"cave":0.582990397805213},{"path":0.6639232039451599,"cave":0.6639231824417013},{"path":0.7407407164573669,"cave":0.7407407407407411},{"path":0.811385452747345,"cave":0.8113854595336081},{"path":0.873799741268158,"cave":0.8737997256515778},{"path":0.9259259104728699,"cave":0.9259259259259262},{"path":0.965706467628479,"cave":0.9657064471879289},{"path":0.9910836815834045,"cave":0.9910836762688615},{"path":1,"cave":1},{"path":1,"cave":1},{"path":1,"cave":1},{"path":1,"cave":1},{"path":1,"cave":1}]}
CHECK PASS birds-eye combat: overlapping ramp cells belong to the upper path and retained voxel floors stay in the immutable terrain base {"overlaps":78,"ownership":true,"retained":5997,"preserved":true}
CHECK PASS birds-eye combat: both ramp connections retain the source floor early, progressively remove it across the ramp and reach the destination before exit in either direction [{"name":"main-HQ","down":true,"upper":16,"lower":-2.8099999999999987,"early":{"y":16,"clearance":2.1505849400907486,"feet":-0.5600614470668781,"regions":4},"middle":{"y":7.152075629613597,"clearance":2.090430983587433,"feet":-3.499907490563562,"regions":4},"late":{"y":-2.8099999999999987,"clearance":2.2205233809566147,"feet":-6.439999887932743,"regions":0},"reversed":{"y":16,"clearance":2.1505849400907486,"feet":-0.5600614470668781,"regions":4},"maxStep":0.4340797572285062,"clearance":1.9175567178300463,"maxRegions":4,"positionError":0.0009763608114337075,"moving":128,"stopDrift":0,"floorWindow":0.7233333333333334,"floorCenter":0.5116666666666667,"minimumSpan":true,"caveRegionsOnly":true,"lowerMixMax":1,"lowerRevealFrames":0,"lowerRevealGuard":true,"lowerFloorsOrdered":true,"lowerActorRoofChecks":0,"lowerActorRoofCovered":0,"structureHidden":false,"slicedVisible":false,"visibleFrames":300,"wholeHidden":392,"wholeBarrels":7,"wholeGorillas":1,"wholeComplete":true},{"name":"main-HQ","down":false,"upper":16,"lower":-2.8099999999999987,"early":{"y":-2.8099999999999987,"clearance":2.2205233809566147,"feet":-6.439999887932743,"regions":0},"middle":{"y":6.038904102221075,"clearance":2.090430983587433,"feet":-3.499907490563562,"regions":4},"late":{"y":16,"clearance":2.150584940090748,"feet":-0.5600614470668775,"regions":4},"reversed":{"y":-2.8099999999999987,"clearance":2.2205233809566147,"feet":-6.439999887932743,"regions":0},"maxStep":0.4333230090973057,"clearance":1.7059279236167466,"maxRegions":4,"positionError":0.0009763608114345956,"moving":130,"stopDrift":0,"floorWindow":0.7233333333333335,"floorCenter":0.48833333333333334,"minimumSpan":true,"caveRegionsOnly":true,"lowerMixMax":1,"lowerRevealFrames":0,"lowerRevealGuard":true,"lowerFloorsOrdered":true,"lowerActorRoofChecks":0,"lowerActorRoofCovered":0,"structureHidden":false,"slicedVisible":false,"visibleFrames":300,"wholeHidden":392,"wholeBarrels":7,"wholeGorillas":1,"wholeComplete":true},{"name":"HQ-basement","down":true,"upper":-2.8099999999999987,"lower":-8.310000000000002,"early":{"y":-2.8099999999999987,"clearance":3.030569725602546,"feet":-7.440046232578675,"regions":0},"middle":{"y":-5.399054646805105,"clearance":2.9423817576674063,"feet":-9.75091291144864,"regions":0},"late":{"y":-8.310000000000002,"clearance":2.340698870037568,"feet":-12.0601753770137,"regions":0},"reversed":{"y":-2.8099999999999987,"clearance":3.030569725602546,"feet":-7.440046232578675,"regions":0},"maxStep":0.12975777559028145,"clearance":1.910202790633929,"maxRegions":0,"positionError":0.0018117189656283728,"moving":131,"stopDrift":0,"floorWindow":0.6883333333333334,"floorCenter":0.5175000000000001,"minimumSpan":true,"caveRegionsOnly":true,"lowerMixMax":1,"lowerRevealFrames":218,"lowerRevealGuard":true,"lowerFloorsOrdered":true,"lowerActorRoofChecks":144,"lowerActorRoofCovered":0,"structureHidden":false,"slicedVisible":false,"visibleFrames":300,"wholeHidden":392,"wholeBarrels":7,"wholeGorillas":1,"wholeComplete":true},{"name":"HQ-basement","down":false,"upper":-2.8099999999999987,"lower":-8.310000000000002,"early":{"y":-8.310000000000002,"clearance":2.340698870037568,"feet":-12.0601753770137,"regions":0},"middle":{"y":-5.724543335764984,"clearance":2.616893068707527,"feet":-9.75091291144864,"regions":0},"late":{"y":-2.8099999999999987,"clearance":3.0305697256025423,"feet":-7.440046232578672,"regions":0},"reversed":{"y":-8.310000000000002,"clearance":2.340698870037568,"feet":-12.0601753770137,"regions":0},"maxStep":0.13002813109306288,"clearance":1.7455953453673034,"maxRegions":0,"positionError":0.0018117189656283728,"moving":131,"stopDrift":0,"floorWindow":0.6883333333333334,"floorCenter":0.4825,"minimumSpan":true,"caveRegionsOnly":true,"lowerMixMax":1,"lowerRevealFrames":245,"lowerRevealGuard":true,"lowerFloorsOrdered":true,"lowerActorRoofChecks":76,"lowerActorRoofCovered":0,"structureHidden":false,"slicedVisible":false,"visibleFrames":300,"wholeHidden":392,"wholeBarrels":7,"wholeGorillas":1,"wholeComplete":true}]
CHECK PASS birds-eye combat: stopping with small ramp-height noise holds the cut, while reversing smoothly restores the source floor [{"name":"main-HQ","down":true,"upper":16,"lower":-2.8099999999999987,"early":{"y":16,"clearance":2.1505849400907486,"feet":-0.5600614470668781,"regions":4},"middle":{"y":7.152075629613597,"clearance":2.090430983587433,"feet":-3.499907490563562,"regions":4},"late":{"y":-2.8099999999999987,"clearance":2.2205233809566147,"feet":-6.439999887932743,"regions":0},"reversed":{"y":16,"clearance":2.1505849400907486,"feet":-0.5600614470668781,"regions":4},"maxStep":0.4340797572285062,"clearance":1.9175567178300463,"maxRegions":4,"positionError":0.0009763608114337075,"moving":128,"stopDrift":0,"floorWindow":0.7233333333333334,"floorCenter":0.5116666666666667,"minimumSpan":true,"caveRegionsOnly":true,"lowerMixMax":1,"lowerRevealFrames":0,"lowerRevealGuard":true,"lowerFloorsOrdered":true,"lowerActorRoofChecks":0,"lowerActorRoofCovered":0,"structureHidden":false,"slicedVisible":false,"visibleFrames":300,"wholeHidden":392,"wholeBarrels":7,"wholeGorillas":1,"wholeComplete":true},{"name":"main-HQ","down":false,"upper":16,"lower":-2.8099999999999987,"early":{"y":-2.8099999999999987,"clearance":2.2205233809566147,"feet":-6.439999887932743,"regions":0},"middle":{"y":6.038904102221075,"clearance":2.090430983587433,"feet":-3.499907490563562,"regions":4},"late":{"y":16,"clearance":2.150584940090748,"feet":-0.5600614470668775,"regions":4},"reversed":{"y":-2.8099999999999987,"clearance":2.2205233809566147,"feet":-6.439999887932743,"regions":0},"maxStep":0.4333230090973057,"clearance":1.7059279236167466,"maxRegions":4,"positionError":0.0009763608114345956,"moving":130,"stopDrift":0,"floorWindow":0.7233333333333335,"floorCenter":0.48833333333333334,"minimumSpan":true,"caveRegionsOnly":true,"lowerMixMax":1,"lowerRevealFrames":0,"lowerRevealGuard":true,"lowerFloorsOrdered":true,"lowerActorRoofChecks":0,"lowerActorRoofCovered":0,"structureHidden":false,"slicedVisible":false,"visibleFrames":300,"wholeHidden":392,"wholeBarrels":7,"wholeGorillas":1,"wholeComplete":true},{"name":"HQ-basement","down":true,"upper":-2.8099999999999987,"lower":-8.310000000000002,"early":{"y":-2.8099999999999987,"clearance":3.030569725602546,"feet":-7.440046232578675,"regions":0},"middle":{"y":-5.399054646805105,"clearance":2.9423817576674063,"feet":-9.75091291144864,"regions":0},"late":{"y":-8.310000000000002,"clearance":2.340698870037568,"feet":-12.0601753770137,"regions":0},"reversed":{"y":-2.8099999999999987,"clearance":3.030569725602546,"feet":-7.440046232578675,"regions":0},"maxStep":0.12975777559028145,"clearance":1.910202790633929,"maxRegions":0,"positionError":0.0018117189656283728,"moving":131,"stopDrift":0,"floorWindow":0.6883333333333334,"floorCenter":0.5175000000000001,"minimumSpan":true,"caveRegionsOnly":true,"lowerMixMax":1,"lowerRevealFrames":218,"lowerRevealGuard":true,"lowerFloorsOrdered":true,"lowerActorRoofChecks":144,"lowerActorRoofCovered":0,"structureHidden":false,"slicedVisible":false,"visibleFrames":300,"wholeHidden":392,"wholeBarrels":7,"wholeGorillas":1,"wholeComplete":true},{"name":"HQ-basement","down":false,"upper":-2.8099999999999987,"lower":-8.310000000000002,"early":{"y":-8.310000000000002,"clearance":2.340698870037568,"feet":-12.0601753770137,"regions":0},"middle":{"y":-5.724543335764984,"clearance":2.616893068707527,"feet":-9.75091291144864,"regions":0},"late":{"y":-2.8099999999999987,"clearance":3.0305697256025423,"feet":-7.440046232578672,"regions":0},"reversed":{"y":-8.310000000000002,"clearance":2.340698870037568,"feet":-12.0601753770137,"regions":0},"maxStep":0.13002813109306288,"clearance":1.7455953453673034,"maxRegions":0,"positionError":0.0018117189656283728,"moving":131,"stopDrift":0,"floorWindow":0.6883333333333334,"floorCenter":0.4825,"minimumSpan":true,"caveRegionsOnly":true,"lowerMixMax":1,"lowerRevealFrames":245,"lowerRevealGuard":true,"lowerFloorsOrdered":true,"lowerActorRoofChecks":76,"lowerActorRoofCovered":0,"structureHidden":false,"slicedVisible":false,"visibleFrames":300,"wholeHidden":392,"wholeBarrels":7,"wholeGorillas":1,"wholeComplete":true}]
CHECK PASS birds-eye combat: upcoming ramp paths retain their minimum span while upper floors reveal progressively in either direction [{"name":"main-HQ","down":true,"upper":16,"lower":-2.8099999999999987,"early":{"y":16,"clearance":2.1505849400907486,"feet":-0.5600614470668781,"regions":4},"middle":{"y":7.152075629613597,"clearance":2.090430983587433,"feet":-3.499907490563562,"regions":4},"late":{"y":-2.8099999999999987,"clearance":2.2205233809566147,"feet":-6.439999887932743,"regions":0},"reversed":{"y":16,"clearance":2.1505849400907486,"feet":-0.5600614470668781,"regions":4},"maxStep":0.4340797572285062,"clearance":1.9175567178300463,"maxRegions":4,"positionError":0.0009763608114337075,"moving":128,"stopDrift":0,"floorWindow":0.7233333333333334,"floorCenter":0.5116666666666667,"minimumSpan":true,"caveRegionsOnly":true,"lowerMixMax":1,"lowerRevealFrames":0,"lowerRevealGuard":true,"lowerFloorsOrdered":true,"lowerActorRoofChecks":0,"lowerActorRoofCovered":0,"structureHidden":false,"slicedVisible":false,"visibleFrames":300,"wholeHidden":392,"wholeBarrels":7,"wholeGorillas":1,"wholeComplete":true},{"name":"main-HQ","down":false,"upper":16,"lower":-2.8099999999999987,"early":{"y":-2.8099999999999987,"clearance":2.2205233809566147,"feet":-6.439999887932743,"regions":0},"middle":{"y":6.038904102221075,"clearance":2.090430983587433,"feet":-3.499907490563562,"regions":4},"late":{"y":16,"clearance":2.150584940090748,"feet":-0.5600614470668775,"regions":4},"reversed":{"y":-2.8099999999999987,"clearance":2.2205233809566147,"feet":-6.439999887932743,"regions":0},"maxStep":0.4333230090973057,"clearance":1.7059279236167466,"maxRegions":4,"positionError":0.0009763608114345956,"moving":130,"stopDrift":0,"floorWindow":0.7233333333333335,"floorCenter":0.48833333333333334,"minimumSpan":true,"caveRegionsOnly":true,"lowerMixMax":1,"lowerRevealFrames":0,"lowerRevealGuard":true,"lowerFloorsOrdered":true,"lowerActorRoofChecks":0,"lowerActorRoofCovered":0,"structureHidden":false,"slicedVisible":false,"visibleFrames":300,"wholeHidden":392,"wholeBarrels":7,"wholeGorillas":1,"wholeComplete":true},{"name":"HQ-basement","down":true,"upper":-2.8099999999999987,"lower":-8.310000000000002,"early":{"y":-2.8099999999999987,"clearance":3.030569725602546,"feet":-7.440046232578675,"regions":0},"middle":{"y":-5.399054646805105,"clearance":2.9423817576674063,"feet":-9.75091291144864,"regions":0},"late":{"y":-8.310000000000002,"clearance":2.340698870037568,"feet":-12.0601753770137,"regions":0},"reversed":{"y":-2.8099999999999987,"clearance":3.030569725602546,"feet":-7.440046232578675,"regions":0},"maxStep":0.12975777559028145,"clearance":1.910202790633929,"maxRegions":0,"positionError":0.0018117189656283728,"moving":131,"stopDrift":0,"floorWindow":0.6883333333333334,"floorCenter":0.5175000000000001,"minimumSpan":true,"caveRegionsOnly":true,"lowerMixMax":1,"lowerRevealFrames":218,"lowerRevealGuard":true,"lowerFloorsOrdered":true,"lowerActorRoofChecks":144,"lowerActorRoofCovered":0,"structureHidden":false,"slicedVisible":false,"visibleFrames":300,"wholeHidden":392,"wholeBarrels":7,"wholeGorillas":1,"wholeComplete":true},{"name":"HQ-basement","down":false,"upper":-2.8099999999999987,"lower":-8.310000000000002,"early":{"y":-8.310000000000002,"clearance":2.340698870037568,"feet":-12.0601753770137,"regions":0},"middle":{"y":-5.724543335764984,"clearance":2.616893068707527,"feet":-9.75091291144864,"regions":0},"late":{"y":-2.8099999999999987,"clearance":3.0305697256025423,"feet":-7.440046232578672,"regions":0},"reversed":{"y":-8.310000000000002,"clearance":2.340698870037568,"feet":-12.0601753770137,"regions":0},"maxStep":0.13002813109306288,"clearance":1.7455953453673034,"maxRegions":0,"positionError":0.0018117189656283728,"moving":131,"stopDrift":0,"floorWindow":0.6883333333333334,"floorCenter":0.4825,"minimumSpan":true,"caveRegionsOnly":true,"lowerMixMax":1,"lowerRevealFrames":245,"lowerRevealGuard":true,"lowerFloorsOrdered":true,"lowerActorRoofChecks":76,"lowerActorRoofCovered":0,"structureHidden":false,"slicedVisible":false,"visibleFrames":300,"wholeHidden":392,"wholeBarrels":7,"wholeGorillas":1,"wholeComplete":true}]
CHECK PASS birds-eye combat: basement entrances open at HQ while the remaining route stays covered until descent {"rows":[{"name":"surface","lower":[{"channel":2,"length":32.51585388183594,"initial":30,"lo":1,"hi":30,"mix":0},{"channel":3,"length":32.51585388183594,"initial":30,"lo":1,"hi":30,"mix":0}]},{"name":"hill","lower":[{"channel":2,"length":32.51585388183594,"initial":30,"lo":1,"hi":30,"mix":0},{"channel":3,"length":32.51585388183594,"initial":30,"lo":1,"hi":30,"mix":0}]},{"name":"cave","lower":[{"channel":2,"length":32.51585388183594,"initial":30,"lo":1,"hi":30,"mix":0},{"channel":3,"length":32.51585388183594,"initial":30,"lo":1,"hi":30,"mix":0}]},{"name":"HQ","lower":[{"channel":2,"length":32.51585388183594,"initial":30,"lo":10,"hi":30,"mix":1},{"channel":3,"length":32.51585388183594,"initial":30,"lo":10,"hi":30,"mix":1}]},{"name":"basement","lower":[{"channel":2,"length":32.51585388183594,"initial":30,"lo":256,"hi":255,"mix":1},{"channel":3,"length":32.51585388183594,"initial":30,"lo":256,"hi":255,"mix":1}]}],"travel":[{"name":"main-HQ","down":true,"lowerMixMax":1,"lowerRevealFrames":0,"lowerRevealGuard":true,"lowerActorRoofChecks":0,"lowerActorRoofCovered":0},{"name":"main-HQ","down":false,"lowerMixMax":1,"lowerRevealFrames":0,"lowerRevealGuard":true,"lowerActorRoofChecks":0,"lowerActorRoofCovered":0},{"name":"HQ-basement","down":true,"lowerMixMax":1,"lowerRevealFrames":218,"lowerRevealGuard":true,"lowerActorRoofChecks":144,"lowerActorRoofCovered":0},{"name":"HQ-basement","down":false,"lowerMixMax":1,"lowerRevealFrames":245,"lowerRevealGuard":true,"lowerActorRoofChecks":76,"lowerActorRoofCovered":0}]}
CHECK PASS birds-eye combat: the upper-floor scan hides sliced actors, gorillas and barrels as whole units without hiding structural rooms or entrances [{"name":"main-HQ","down":true,"upper":16,"lower":-2.8099999999999987,"early":{"y":16,"clearance":2.1505849400907486,"feet":-0.5600614470668781,"regions":4},"middle":{"y":7.152075629613597,"clearance":2.090430983587433,"feet":-3.499907490563562,"regions":4},"late":{"y":-2.8099999999999987,"clearance":2.2205233809566147,"feet":-6.439999887932743,"regions":0},"reversed":{"y":16,"clearance":2.1505849400907486,"feet":-0.5600614470668781,"regions":4},"maxStep":0.4340797572285062,"clearance":1.9175567178300463,"maxRegions":4,"positionError":0.0009763608114337075,"moving":128,"stopDrift":0,"floorWindow":0.7233333333333334,"floorCenter":0.5116666666666667,"minimumSpan":true,"caveRegionsOnly":true,"lowerMixMax":1,"lowerRevealFrames":0,"lowerRevealGuard":true,"lowerFloorsOrdered":true,"lowerActorRoofChecks":0,"lowerActorRoofCovered":0,"structureHidden":false,"slicedVisible":false,"visibleFrames":300,"wholeHidden":392,"wholeBarrels":7,"wholeGorillas":1,"wholeComplete":true},{"name":"main-HQ","down":false,"upper":16,"lower":-2.8099999999999987,"early":{"y":-2.8099999999999987,"clearance":2.2205233809566147,"feet":-6.439999887932743,"regions":0},"middle":{"y":6.038904102221075,"clearance":2.090430983587433,"feet":-3.499907490563562,"regions":4},"late":{"y":16,"clearance":2.150584940090748,"feet":-0.5600614470668775,"regions":4},"reversed":{"y":-2.8099999999999987,"clearance":2.2205233809566147,"feet":-6.439999887932743,"regions":0},"maxStep":0.4333230090973057,"clearance":1.7059279236167466,"maxRegions":4,"positionError":0.0009763608114345956,"moving":130,"stopDrift":0,"floorWindow":0.7233333333333335,"floorCenter":0.48833333333333334,"minimumSpan":true,"caveRegionsOnly":true,"lowerMixMax":1,"lowerRevealFrames":0,"lowerRevealGuard":true,"lowerFloorsOrdered":true,"lowerActorRoofChecks":0,"lowerActorRoofCovered":0,"structureHidden":false,"slicedVisible":false,"visibleFrames":300,"wholeHidden":392,"wholeBarrels":7,"wholeGorillas":1,"wholeComplete":true},{"name":"HQ-basement","down":true,"upper":-2.8099999999999987,"lower":-8.310000000000002,"early":{"y":-2.8099999999999987,"clearance":3.030569725602546,"feet":-7.440046232578675,"regions":0},"middle":{"y":-5.399054646805105,"clearance":2.9423817576674063,"feet":-9.75091291144864,"regions":0},"late":{"y":-8.310000000000002,"clearance":2.340698870037568,"feet":-12.0601753770137,"regions":0},"reversed":{"y":-2.8099999999999987,"clearance":3.030569725602546,"feet":-7.440046232578675,"regions":0},"maxStep":0.12975777559028145,"clearance":1.910202790633929,"maxRegions":0,"positionError":0.0018117189656283728,"moving":131,"stopDrift":0,"floorWindow":0.6883333333333334,"floorCenter":0.5175000000000001,"minimumSpan":true,"caveRegionsOnly":true,"lowerMixMax":1,"lowerRevealFrames":218,"lowerRevealGuard":true,"lowerFloorsOrdered":true,"lowerActorRoofChecks":144,"lowerActorRoofCovered":0,"structureHidden":false,"slicedVisible":false,"visibleFrames":300,"wholeHidden":392,"wholeBarrels":7,"wholeGorillas":1,"wholeComplete":true},{"name":"HQ-basement","down":false,"upper":-2.8099999999999987,"lower":-8.310000000000002,"early":{"y":-8.310000000000002,"clearance":2.340698870037568,"feet":-12.0601753770137,"regions":0},"middle":{"y":-5.724543335764984,"clearance":2.616893068707527,"feet":-9.75091291144864,"regions":0},"late":{"y":-2.8099999999999987,"clearance":3.0305697256025423,"feet":-7.440046232578672,"regions":0},"reversed":{"y":-8.310000000000002,"clearance":2.340698870037568,"feet":-12.0601753770137,"regions":0},"maxStep":0.13002813109306288,"clearance":1.7455953453673034,"maxRegions":0,"positionError":0.0018117189656283728,"moving":131,"stopDrift":0,"floorWindow":0.6883333333333334,"floorCenter":0.4825,"minimumSpan":true,"caveRegionsOnly":true,"lowerMixMax":1,"lowerRevealFrames":245,"lowerRevealGuard":true,"lowerFloorsOrdered":true,"lowerActorRoofChecks":76,"lowerActorRoofCovered":0,"structureHidden":false,"slicedVisible":false,"visibleFrames":300,"wholeHidden":392,"wholeBarrels":7,"wholeGorillas":1,"wholeComplete":true}]
CHECK PASS birds-eye combat: jetting above the surface restores ramp cover and the following fall keeps the actor centered with head clearance {"peak":8.610841268221668,"highFrames":120,"fallFrames":78,"clearance":999989.9796822248,"preserved":true,"centered":true,"landed":true}
CHECK PASS birds-eye combat: inward zoom switches at relative height 21 with the same head clearance on the surface, hills, HQ and basement [{"name":"surface","floor":0,"above":{"mode":"birds-eye","relative":21.4727429744673,"headClearance":20.276974572354746},"switched":{"mode":"shoulder","relative":21.070061218705494,"headClearance":19.874292816592938},"frames":19},{"name":"hill","floor":6.5,"above":{"mode":"birds-eye","relative":21.4727429744673,"headClearance":20.276974572354746},"switched":{"mode":"shoulder","relative":21.070061218705497,"headClearance":19.87429281659294},"frames":19},{"name":"HQ","floor":-7,"above":{"mode":"birds-eye","relative":21.4727429744673,"headClearance":20.276974572354746},"switched":{"mode":"shoulder","relative":21.070061218705497,"headClearance":19.87429281659294},"frames":19},{"name":"basement","floor":-12.5,"above":{"mode":"birds-eye","relative":21.4727429744673,"headClearance":20.276974572354746},"switched":{"mode":"shoulder","relative":21.070061218705497,"headClearance":19.87429281659294},"frames":19}]
CHECK PASS birds-eye combat: zoom leaves section meshes cached, translated islands share the exact world cut height, and terrain and centered landmarks stay unchanged {"rows":[{"name":"surface","zoomStable":true,"zoomMoved":true,"caps":[{"visible":false,"worldY":0,"y":0,"faces":0,"cache":0},{"visible":false,"worldY":6.27,"y":0,"faces":0,"cache":0},{"visible":false,"worldY":5.04,"y":0,"faces":0,"cache":0}]},{"name":"hill","zoomStable":true,"zoomMoved":true,"caps":[{"visible":false,"worldY":0,"y":0,"faces":0,"cache":0},{"visible":false,"worldY":6.27,"y":0,"faces":0,"cache":0},{"visible":false,"worldY":5.04,"y":0,"faces":0,"cache":0}]},{"name":"cave","zoomStable":true,"zoomMoved":true,"caps":[{"visible":false,"worldY":0,"y":0,"faces":0,"cache":0},{"visible":false,"worldY":6.27,"y":0,"faces":0,"cache":0},{"visible":false,"worldY":5.04,"y":0,"faces":0,"cache":0}]},{"name":"HQ","zoomStable":true,"zoomMoved":true,"caps":[{"visible":true,"worldY":0,"y":-2.812000036239624,"faces":3399,"cache":16},{"visible":true,"worldY":6.27,"y":-2.811999797821045,"faces":413,"cache":8},{"visible":true,"worldY":5.04,"y":-2.812000274658203,"faces":178,"cache":8}]},{"name":"basement","zoomStable":true,"zoomMoved":true,"caps":[{"visible":true,"worldY":0,"y":-8.312000274658203,"faces":3487,"cache":16},{"visible":false,"worldY":6.27,"y":-2.811999797821045,"faces":413,"cache":8},{"visible":true,"worldY":5.04,"y":-8.312000274658203,"faces":66,"cache":8}]}],"thresholds":[{"name":"surface","floor":0,"above":{"mode":"birds-eye","relative":21.4727429744673,"headClearance":20.276974572354746},"switched":{"mode":"shoulder","relative":21.070061218705494,"headClearance":19.874292816592938},"frames":19},{"name":"hill","floor":6.5,"above":{"mode":"birds-eye","relative":21.4727429744673,"headClearance":20.276974572354746},"switched":{"mode":"shoulder","relative":21.070061218705497,"headClearance":19.87429281659294},"frames":19},{"name":"HQ","floor":-7,"above":{"mode":"birds-eye","relative":21.4727429744673,"headClearance":20.276974572354746},"switched":{"mode":"shoulder","relative":21.070061218705497,"headClearance":19.87429281659294},"frames":19},{"name":"basement","floor":-12.5,"above":{"mode":"birds-eye","relative":21.4727429744673,"headClearance":20.276974572354746},"switched":{"mode":"shoulder","relative":21.070061218705497,"headClearance":19.87429281659294},"frames":19}],"rampTravel":[{"name":"main-HQ","down":true,"upper":16,"lower":-2.8099999999999987,"early":{"y":16,"clearance":2.1505849400907486,"feet":-0.5600614470668781,"regions":4},"middle":{"y":7.152075629613597,"clearance":2.090430983587433,"feet":-3.499907490563562,"regions":4},"late":{"y":-2.8099999999999987,"clearance":2.2205233809566147,"feet":-6.439999887932743,"regions":0},"reversed":{"y":16,"clearance":2.1505849400907486,"feet":-0.5600614470668781,"regions":4},"maxStep":0.4340797572285062,"clearance":1.9175567178300463,"maxRegions":4,"positionError":0.0009763608114337075,"moving":128,"stopDrift":0,"floorWindow":0.7233333333333334,"floorCenter":0.5116666666666667,"minimumSpan":true,"caveRegionsOnly":true,"lowerMixMax":1,"lowerRevealFrames":0,"lowerRevealGuard":true,"lowerFloorsOrdered":true,"lowerActorRoofChecks":0,"lowerActorRoofCovered":0,"structureHidden":false,"slicedVisible":false,"visibleFrames":300,"wholeHidden":392,"wholeBarrels":7,"wholeGorillas":1,"wholeComplete":true},{"name":"main-HQ","down":false,"upper":16,"lower":-2.8099999999999987,"early":{"y":-2.8099999999999987,"clearance":2.2205233809566147,"feet":-6.439999887932743,"regions":0},"middle":{"y":6.038904102221075,"clearance":2.090430983587433,"feet":-3.499907490563562,"regions":4},"late":{"y":16,"clearance":2.150584940090748,"feet":-0.5600614470668775,"regions":4},"reversed":{"y":-2.8099999999999987,"clearance":2.2205233809566147,"feet":-6.439999887932743,"regions":0},"maxStep":0.4333230090973057,"clearance":1.7059279236167466,"maxRegions":4,"positionError":0.0009763608114345956,"moving":130,"stopDrift":0,"floorWindow":0.7233333333333335,"floorCenter":0.48833333333333334,"minimumSpan":true,"caveRegionsOnly":true,"lowerMixMax":1,"lowerRevealFrames":0,"lowerRevealGuard":true,"lowerFloorsOrdered":true,"lowerActorRoofChecks":0,"lowerActorRoofCovered":0,"structureHidden":false,"slicedVisible":false,"visibleFrames":300,"wholeHidden":392,"wholeBarrels":7,"wholeGorillas":1,"wholeComplete":true},{"name":"HQ-basement","down":true,"upper":-2.8099999999999987,"lower":-8.310000000000002,"early":{"y":-2.8099999999999987,"clearance":3.030569725602546,"feet":-7.440046232578675,"regions":0},"middle":{"y":-5.399054646805105,"clearance":2.9423817576674063,"feet":-9.75091291144864,"regions":0},"late":{"y":-8.310000000000002,"clearance":2.340698870037568,"feet":-12.0601753770137,"regions":0},"reversed":{"y":-2.8099999999999987,"clearance":3.030569725602546,"feet":-7.440046232578675,"regions":0},"maxStep":0.12975777559028145,"clearance":1.910202790633929,"maxRegions":0,"positionError":0.0018117189656283728,"moving":131,"stopDrift":0,"floorWindow":0.6883333333333334,"floorCenter":0.5175000000000001,"minimumSpan":true,"caveRegionsOnly":true,"lowerMixMax":1,"lowerRevealFrames":218,"lowerRevealGuard":true,"lowerFloorsOrdered":true,"lowerActorRoofChecks":144,"lowerActorRoofCovered":0,"structureHidden":false,"slicedVisible":false,"visibleFrames":300,"wholeHidden":392,"wholeBarrels":7,"wholeGorillas":1,"wholeComplete":true},{"name":"HQ-basement","down":false,"upper":-2.8099999999999987,"lower":-8.310000000000002,"early":{"y":-8.310000000000002,"clearance":2.340698870037568,"feet":-12.0601753770137,"regions":0},"middle":{"y":-5.724543335764984,"clearance":2.616893068707527,"feet":-9.75091291144864,"regions":0},"late":{"y":-2.8099999999999987,"clearance":3.0305697256025423,"feet":-7.440046232578672,"regions":0},"reversed":{"y":-8.310000000000002,"clearance":2.340698870037568,"feet":-12.0601753770137,"regions":0},"maxStep":0.13002813109306288,"clearance":1.7455953453673034,"maxRegions":0,"positionError":0.0018117189656283728,"moving":131,"stopDrift":0,"floorWindow":0.6883333333333334,"floorCenter":0.4825,"minimumSpan":true,"caveRegionsOnly":true,"lowerMixMax":1,"lowerRevealFrames":245,"lowerRevealGuard":true,"lowerFloorsOrdered":true,"lowerActorRoofChecks":76,"lowerActorRoofCovered":0,"structureHidden":false,"slicedVisible":false,"visibleFrames":300,"wholeHidden":392,"wholeBarrels":7,"wholeGorillas":1,"wholeComplete":true}],"pathTravel":[{"channel":0,"backwards":0,"minimum":0,"balance":-0.9166666666666998,"matched":49,"balanced":25,"end":255,"windowActive":true,"roof":{"partition":true,"voxelWalls":true,"walls":1464,"removable":20985,"windowRoofFaces":[13684,14637]}},{"channel":1,"backwards":0,"minimum":0,"balance":-0.9166666666666643,"matched":49,"balanced":25,"end":255,"windowActive":true,"roof":{"partition":true,"voxelWalls":true,"walls":1464,"removable":20985,"windowRoofFaces":[13684,14637]}},{"channel":2,"backwards":0,"minimum":0,"balance":-1,"matched":49,"balanced":25,"end":255,"windowActive":true,"roof":{"partition":true,"voxelWalls":true,"walls":0,"removable":20985,"windowRoofFaces":[13684,14637]}},{"channel":3,"backwards":0,"minimum":0,"balance":-1,"matched":49,"balanced":25,"end":255,"windowActive":true,"roof":{"partition":true,"voxelWalls":true,"walls":0,"removable":20985,"windowRoofFaces":[13684,14637]}}],"landingCoverage":[{"hi":[255,255,30,30],"cutFaces":[599,553,237,237]},{"hi":[255,255,30,30],"cutFaces":[599,553,237,237]}],"coverFade":{"out":[{"path":0.9910836815834045,"cave":0.9910836762688614},{"path":0.965706467628479,"cave":0.9657064471879286},{"path":0.9259259104728699,"cave":0.9259259259259259},{"path":0.873799741268158,"cave":0.8737997256515775},{"path":0.811385452747345,"cave":0.8113854595336076},{"path":0.7407407164573669,"cave":0.7407407407407407},{"path":0.6639232039451599,"cave":0.6639231824417008},{"path":0.5829904079437256,"cave":0.5829903978052126},{"path":0.5,"cave":0.4999999999999999},{"path":0.4170095920562744,"cave":0.4170096021947872},{"path":0.3360768258571625,"cave":0.33607681755829877},{"path":0.25925925374031067,"cave":0.25925925925925897},{"path":0.18861454725265503,"cave":0.18861454046639203},{"path":0.12620027363300323,"cave":0.1262002743484223},{"path":0.07407407462596893,"cave":0.07407407407407385},{"path":0.03429355099797249,"cave":0.03429355281207114},{"path":0.008916324004530907,"cave":0.008916323731138376},{"path":0,"cave":0},{"path":0,"cave":0},{"path":0,"cave":0},{"path":0,"cave":0},{"path":0,"cave":0}],"in":[{"path":0.008916324004530907,"cave":0.008916323731138487},{"path":0.03429355099797249,"cave":0.03429355281207136},{"path":0.07407407462596893,"cave":0.07407407407407418},{"path":0.12620027363300323,"cave":0.12620027434842263},{"path":0.18861454725265503,"cave":0.18861454046639237},{"path":0.25925925374031067,"cave":0.2592592592592594},{"path":0.3360768258571625,"cave":0.3360768175582993},{"path":0.4170095920562744,"cave":0.41700960219478767},{"path":0.5,"cave":0.5000000000000003},{"path":0.5829904079437256,"cave":0.582990397805213},{"path":0.6639232039451599,"cave":0.6639231824417013},{"path":0.7407407164573669,"cave":0.7407407407407411},{"path":0.811385452747345,"cave":0.8113854595336081},{"path":0.873799741268158,"cave":0.8737997256515778},{"path":0.9259259104728699,"cave":0.9259259259259262},{"path":0.965706467628479,"cave":0.9657064471879289},{"path":0.9910836815834045,"cave":0.9910836762688615},{"path":1,"cave":1},{"path":1,"cave":1},{"path":1,"cave":1},{"path":1,"cave":1},{"path":1,"cave":1}]},"initialSpans":[{"channel":0,"span":2.5032791377991206,"expected":2.5,"length":33.46489126312571,"tolerance":0.13175154040600673},{"channel":1,"span":2.5032791377991206,"expected":2.5,"length":33.464891263125715,"tolerance":0.13175154040600676},{"channel":2,"span":3.7124400101308748,"expected":3.7,"length":32.51585287754005,"tolerance":0.1280151688092128},{"channel":3,"span":3.7124400101308748,"expected":3.7,"length":32.51585287754004,"tolerance":0.12801516880921276}],"birdseyeWindows":[{"kind":"room","basement":false,"level":0,"columns":269},{"kind":"room","basement":false,"level":0,"columns":267},{"kind":"room","basement":false,"level":0,"columns":254},{"kind":"room","basement":false,"level":0,"columns":267},{"kind":"room","basement":false,"level":0,"columns":269},{"kind":"room","basement":false,"level":0,"columns":348},{"kind":"room","basement":false,"level":0,"columns":348},{"kind":"room","basement":true,"level":1,"columns":464},{"kind":"room","basement":true,"level":1,"columns":465},{"kind":"room","basement":true,"level":1,"columns":466},{"kind":"room","basement":true,"level":1,"columns":466},{"kind":"room","basement":true,"level":1,"columns":465},{"kind":"room","basement":true,"level":1,"columns":464},{"kind":"room","basement":true,"level":1,"columns":466},{"kind":"room","basement":true,"level":1,"columns":464},{"kind":"room","basement":true,"level":1,"columns":464},{"kind":"room","basement":true,"level":1,"columns":466},{"kind":"panorama","basement":false,"level":0,"columns":2836}],"mouthRims":{"standard":6,"ramp":2,"expectedRamp":2,"standardTop":3.5,"rampTop":3,"sameOpening":true},"rampEntranceFrame":{"rampLintels":0,"roomLintels":48},"rampMarkers":[{"label":"HQ","channel":0,"visible":true,"arrowVisible":true,"model":"HQ","visual":"HQ","markerKind":"label","columns":5,"rows":7,"arrowKind":"arrow","labelDistance":0.85,"arrowDistance":1.85,"scale":0.72,"labelSurfaceError":2.7755575615628914e-17,"arrowSurfaceError":2.7755575615628914e-17,"aligned":0.9999969187815597,"arrowAligned":0.9999884205539451},{"label":"HQ","channel":1,"visible":true,"arrowVisible":true,"model":"HQ","visual":"HQ","markerKind":"label","columns":5,"rows":7,"arrowKind":"arrow","labelDistance":0.85,"arrowDistance":1.85,"scale":0.72,"labelSurfaceError":2.7755575615628914e-17,"arrowSurfaceError":2.7755575615628914e-17,"aligned":0.9999969187815597,"arrowAligned":0.9999884205539451},{"label":"B1","channel":2,"visible":true,"arrowVisible":true,"model":"B1","visual":"B1","markerKind":"label","columns":5,"rows":7,"arrowKind":"arrow","labelDistance":0.85,"arrowDistance":1.85,"scale":0.72,"labelSurfaceError":1.3877787807814457e-16,"arrowSurfaceError":1.3877787807814457e-16,"aligned":0.9999978369955935,"arrowAligned":0.9999989727292404},{"label":"B1","channel":3,"visible":true,"arrowVisible":true,"model":"B1","visual":"B1","markerKind":"label","columns":5,"rows":7,"arrowKind":"arrow","labelDistance":0.85,"arrowDistance":1.85,"scale":0.72,"labelSurfaceError":1.3877787807814457e-16,"arrowSurfaceError":1.3877787807814457e-16,"aligned":0.9999978369955935,"arrowAligned":0.9999989727292405}],"markerViews":[{"label":"HQ","turn":0,"right":23.854206739129893,"up":14.974652673839671,"baseline":0},{"label":"HQ","turn":0,"right":23.411398661027647,"up":15.257913097768608,"baseline":0},{"label":"B1","turn":0,"right":21.764711715157887,"up":15.020620488400695,"baseline":0},{"label":"B1","turn":0,"right":21.408034292042444,"up":15.270870643044486,"baseline":0},{"label":"HQ","turn":1,"right":23.854206739129893,"up":14.974652673839671,"baseline":0},{"label":"HQ","turn":1,"right":23.411398661027647,"up":15.257913097768608,"baseline":0},{"label":"B1","turn":1,"right":21.764711715157887,"up":15.020620488400695,"baseline":0},{"label":"B1","turn":1,"right":21.408034292042444,"up":15.270870643044486,"baseline":0},{"label":"HQ","turn":2,"right":23.854206739129893,"up":14.974652673839671,"baseline":0},{"label":"HQ","turn":2,"right":23.411398661027647,"up":15.257913097768608,"baseline":0},{"label":"B1","turn":2,"right":21.764711715157887,"up":15.020620488400695,"baseline":0},{"label":"B1","turn":2,"right":21.408034292042444,"up":15.270870643044486,"baseline":0},{"label":"HQ","turn":3,"right":23.854206739129893,"up":14.974652673839671,"baseline":0},{"label":"HQ","turn":3,"right":23.411398661027647,"up":15.257913097768608,"baseline":0},{"label":"B1","turn":3,"right":21.764711715157887,"up":15.020620488400695,"baseline":0},{"label":"B1","turn":3,"right":21.408034292042444,"up":15.270870643044486,"baseline":0},{"label":"HQ","turn":4,"right":23.854206739129893,"up":14.974652673839671,"baseline":0},{"label":"HQ","turn":4,"right":23.411398661027647,"up":15.257913097768608,"baseline":0},{"label":"B1","turn":4,"right":21.764711715157887,"up":15.020620488400695,"baseline":0},{"label":"B1","turn":4,"right":21.408034292042444,"up":15.270870643044486,"baseline":0},{"label":"HQ","turn":5,"right":23.854206739129893,"up":14.974652673839671,"baseline":0},{"label":"HQ","turn":5,"right":23.411398661027647,"up":15.257913097768608,"baseline":0},{"label":"B1","turn":5,"right":21.764711715157887,"up":15.020620488400695,"baseline":0},{"label":"B1","turn":5,"right":21.408034292042444,"up":15.270870643044486,"baseline":0},{"label":"HQ","turn":6,"right":23.854206739129893,"up":14.974652673839671,"baseline":0},{"label":"HQ","turn":6,"right":23.411398661027647,"up":15.257913097768608,"baseline":0},{"label":"B1","turn":6,"right":21.764711715157887,"up":15.020620488400695,"baseline":0},{"label":"B1","turn":6,"right":21.408034292042444,"up":15.270870643044486,"baseline":0},{"label":"HQ","turn":7,"right":23.854206739129893,"up":14.974652673839671,"baseline":0},{"label":"HQ","turn":7,"right":23.411398661027647,"up":15.257913097768608,"baseline":0},{"label":"B1","turn":7,"right":21.764711715157887,"up":15.020620488400695,"baseline":0},{"label":"B1","turn":7,"right":21.408034292042444,"up":15.270870643044486,"baseline":0}],"markerCoverage":[{"channel":0,"floor":"surface","checked":24,"covered":0},{"channel":1,"floor":"surface","checked":24,"covered":0},{"channel":2,"floor":"HQ","checked":24,"covered":0},{"channel":3,"floor":"HQ","checked":24,"covered":0}],"rampVines":0,"rampWindowCells":[{"cell":2630,"channel":0,"station":118,"owners":1,"channelCorrect":true},{"cell":2631,"channel":0,"station":118,"owners":1,"channelCorrect":true},{"cell":2632,"channel":0,"station":118,"owners":1,"channelCorrect":true},{"cell":2633,"channel":0,"station":118,"owners":1,"channelCorrect":true},{"cell":2878,"channel":0,"station":118,"owners":1,"channelCorrect":true},{"cell":2879,"channel":0,"station":118,"owners":1,"channelCorrect":true},{"cell":2880,"channel":0,"station":118,"owners":1,"channelCorrect":true},{"cell":2881,"channel":0,"station":118,"owners":1,"channelCorrect":true},{"cell":2882,"channel":0,"station":118,"owners":1,"channelCorrect":true},{"cell":2883,"channel":0,"station":118,"owners":1,"channelCorrect":true},{"cell":2884,"channel":0,"station":118,"owners":1,"channelCorrect":true},{"cell":2886,"channel":0,"station":118,"owners":1,"channelCorrect":true},{"cell":3126,"channel":0,"station":118,"owners":1,"channelCorrect":true},{"cell":3127,"channel":0,"station":118,"owners":1,"channelCorrect":true},{"cell":3128,"channel":0,"station":118,"owners":1,"channelCorrect":true},{"cell":3129,"channel":0,"station":118,"owners":1,"channelCorrect":true},{"cell":3130,"channel":0,"station":118,"owners":1,"channelCorrect":true},{"cell":3131,"channel":0,"station":118,"owners":1,"channelCorrect":true},{"cell":3132,"channel":0,"station":118,"owners":1,"channelCorrect":true},{"cell":3133,"channel":0,"station":118,"owners":1,"channelCorrect":true},{"cell":3134,"channel":0,"station":118,"owners":1,"channelCorrect":true},{"cell":3135,"channel":0,"station":118,"owners":1,"channelCorrect":true},{"cell":3137,"channel":0,"station":118,"owners":1,"channelCorrect":true},{"cell":3374,"channel":0,"station":118,"owners":1,"channelCorrect":true},{"cell":3375,"channel":0,"station":118,"owners":1,"channelCorrect":true},{"cell":3376,"channel":0,"station":118,"owners":1,"channelCorrect":true},{"cell":3377,"channel":0,"station":118,"owners":1,"channelCorrect":true},{"cell":3378,"channel":0,"station":118,"owners":1,"channelCorrect":true},{"cell":3379,"channel":0,"station":118,"owners":1,"channelCorrect":true},{"cell":3380,"channel":0,"station":118,"owners":1,"channelCorrect":true},{"cell":3381,"channel":0,"station":118,"owners":1,"channelCorrect":true},{"cell":3382,"channel":0,"station":118,"owners":1,"channelCorrect":true},{"cell":3383,"channel":0,"station":118,"owners":1,"channelCorrect":true},{"cell":3384,"channel":0,"station":118,"owners":1,"channelCorrect":true},{"cell":3385,"channel":0,"station":118,"owners":1,"channelCorrect":true},{"cell":3386,"channel":0,"station":118,"owners":1,"channelCorrect":true},{"cell":3388,"channel":0,"station":118,"owners":1,"channelCorrect":true},{"cell":3622,"channel":0,"station":118,"owners":1,"channelCorrect":true},{"cell":3623,"channel":0,"station":118,"owners":1,"channelCorrect":true},{"cell":3624,"channel":0,"station":118,"owners":1,"channelCorrect":true},{"cell":3625,"channel":0,"station":118,"owners":1,"channelCorrect":true},{"cell":3626,"channel":0,"station":118,"owners":1,"channelCorrect":true},{"cell":3627,"channel":0,"station":118,"owners":1,"channelCorrect":true},{"cell":3628,"channel":0,"station":118,"owners":1,"channelCorrect":true},{"cell":3629,"channel":0,"station":118,"owners":1,"channelCorrect":true},{"cell":3630,"channel":0,"station":118,"owners":1,"channelCorrect":true},{"cell":3631,"channel":0,"station":118,"owners":1,"channelCorrect":true},{"cell":3632,"channel":0,"station":118,"owners":1,"channelCorrect":true},{"cell":3633,"channel":0,"station":118,"owners":1,"channelCorrect":true},{"cell":3634,"channel":0,"station":118,"owners":1,"channelCorrect":true},{"cell":3635,"channel":0,"station":118,"owners":1,"channelCorrect":true},{"cell":3636,"channel":0,"station":118,"owners":1,"channelCorrect":true},{"cell":3637,"channel":0,"station":118,"owners":1,"channelCorrect":true},{"cell":3870,"channel":0,"station":118,"owners":1,"channelCorrect":true},{"cell":3871,"channel":0,"station":118,"owners":1,"channelCorrect":true},{"cell":3872,"channel":0,"station":118,"owners":1,"channelCorrect":true},{"cell":3873,"channel":0,"station":118,"owners":1,"channelCorrect":true},{"cell":3874,"channel":0,"station":118,"owners":1,"channelCorrect":true},{"cell":3875,"channel":0,"station":118,"owners":1,"channelCorrect":true},{"cell":3876,"channel":0,"station":118,"owners":1,"channelCorrect":true},{"cell":3877,"channel":0,"station":118,"owners":1,"channelCorrect":true},{"cell":3878,"channel":0,"station":118,"owners":1,"channelCorrect":true},{"cell":3879,"channel":0,"station":118,"owners":1,"channelCorrect":true},{"cell":3880,"channel":0,"station":118,"owners":1,"channelCorrect":true},{"cell":3881,"channel":0,"station":118,"owners":1,"channelCorrect":true},{"cell":3882,"channel":0,"station":118,"owners":1,"channelCorrect":true},{"cell":3883,"channel":0,"station":118,"owners":1,"channelCorrect":true},{"cell":3884,"channel":0,"station":118,"owners":1,"channelCorrect":true},{"cell":3885,"channel":0,"station":118,"owners":1,"channelCorrect":true},{"cell":3886,"channel":0,"station":118,"owners":1,"channelCorrect":true},{"cell":3887,"channel":0,"station":118,"owners":1,"channelCorrect":true},{"cell":3888,"channel":0,"station":118,"owners":1,"channelCorrect":true},{"cell":4118,"channel":0,"station":118,"owners":1,"channelCorrect":true},{"cell":4119,"channel":0,"station":118,"owners":1,"channelCorrect":true},{"cell":4120,"channel":0,"station":118,"owners":1,"channelCorrect":true},{"cell":4121,"channel":0,"station":118,"owners":1,"channelCorrect":true},{"cell":4122,"channel":0,"station":118,"owners":1,"channelCorrect":true},{"cell":4123,"channel":0,"station":118,"owners":1,"channelCorrect":true},{"cell":4124,"channel":0,"station":118,"owners":1,"channelCorrect":true},{"cell":4125,"channel":0,"station":118,"owners":1,"channelCorrect":true},{"cell":4126,"channel":0,"station":118,"owners":1,"channelCorrect":true},{"cell":4127,"channel":0,"station":118,"owners":1,"channelCorrect":true},{"cell":4128,"channel":0,"station":118,"owners":1,"channelCorrect":true},{"cell":4129,"channel":0,"station":118,"owners":1,"channelCorrect":true},{"cell":4130,"channel":0,"station":118,"owners":1,"channelCorrect":true},{"cell":4131,"channel":0,"station":118,"owners":1,"channelCorrect":true},{"cell":4132,"channel":0,"station":118,"owners":1,"channelCorrect":true},{"cell":4133,"channel":0,"station":118,"owners":1,"channelCorrect":true},{"cell":4134,"channel":0,"station":118,"owners":1,"channelCorrect":true},{"cell":4135,"channel":0,"station":118,"owners":1,"channelCorrect":true},{"cell":4140,"channel":0,"station":82,"owners":1,"channelCorrect":true},{"cell":4141,"channel":0,"station":82,"owners":1,"channelCorrect":true},{"cell":4142,"channel":0,"station":82,"owners":1,"channelCorrect":true},{"cell":4143,"channel":0,"station":82,"owners":1,"channelCorrect":true},{"cell":4144,"channel":0,"station":82,"owners":1,"channelCorrect":true},{"cell":4366,"channel":0,"station":118,"owners":1,"channelCorrect":true},{"cell":4367,"channel":0,"station":118,"owners":1,"channelCorrect":true},{"cell":4368,"channel":0,"station":118,"owners":1,"channelCorrect":true},{"cell":4369,"channel":0,"station":118,"owners":1,"channelCorrect":true},{"cell":4370,"channel":0,"station":118,"owners":1,"channelCorrect":true},{"cell":4371,"channel":0,"station":118,"owners":1,"channelCorrect":true},{"cell":4372,"channel":0,"station":118,"owners":1,"channelCorrect":true},{"cell":4373,"channel":0,"station":118,"owners":1,"channelCorrect":true},{"cell":4374,"channel":0,"station":118,"owners":1,"channelCorrect":true},{"cell":4375,"channel":0,"station":118,"owners":1,"channelCorrect":true},{"cell":4376,"channel":0,"station":118,"owners":1,"channelCorrect":true},{"cell":4377,"channel":0,"station":118,"owners":1,"channelCorrect":true},{"cell":4378,"channel":0,"station":118,"owners":1,"channelCorrect":true},{"cell":4379,"channel":0,"station":118,"owners":1,"channelCorrect":true},{"cell":4380,"channel":0,"station":118,"owners":1,"channelCorrect":true},{"cell":4381,"channel":0,"station":118,"owners":1,"channelCorrect":true},{"cell":4382,"channel":0,"station":118,"owners":1,"channelCorrect":true},{"cell":4383,"channel":0,"station":118,"owners":1,"channelCorrect":true},{"cell":4388,"channel":0,"station":82,"owners":1,"channelCorrect":true},{"cell":4389,"channel":0,"station":82,"owners":1,"channelCorrect":true},{"cell":4390,"channel":0,"station":82,"owners":1,"channelCorrect":true},{"cell":4391,"channel":0,"station":82,"owners":1,"channelCorrect":true},{"cell":4392,"channel":0,"station":82,"owners":1,"channelCorrect":true},{"cell":4393,"channel":0,"station":82,"owners":1,"channelCorrect":true},{"cell":4394,"channel":0,"station":82,"owners":1,"channelCorrect":true},{"cell":4614,"channel":0,"station":118,"owners":1,"channelCorrect":true},{"cell":4615,"channel":0,"station":118,"owners":1,"channelCorrect":true},{"cell":4616,"channel":0,"station":118,"owners":1,"channelCorrect":true},{"cell":4617,"channel":0,"station":118,"owners":1,"channelCorrect":true},{"cell":4618,"channel":0,"station":118,"owners":1,"channelCorrect":true},{"cell":4619,"channel":0,"station":118,"owners":1,"channelCorrect":true},{"cell":4620,"channel":0,"station":118,"owners":1,"channelCorrect":true},{"cell":4621,"channel":0,"station":118,"owners":1,"channelCorrect":true},{"cell":4622,"channel":0,"station":118,"owners":1,"channelCorrect":true},{"cell":4623,"channel":0,"station":118,"owners":1,"channelCorrect":true},{"cell":4624,"channel":0,"station":118,"owners":1,"channelCorrect":true},{"cell":4625,"channel":0,"station":118,"owners":1,"channelCorrect":true},{"cell":4626,"channel":0,"station":118,"owners":1,"channelCorrect":true},{"cell":4627,"channel":0,"station":118,"owners":1,"channelCorrect":true},{"cell":4628,"channel":0,"station":118,"owners":1,"channelCorrect":true},{"cell":4629,"channel":0,"station":118,"owners":1,"channelCorrect":true},{"cell":4630,"channel":0,"station":118,"owners":1,"channelCorrect":true},{"cell":4636,"channel":0,"station":82,"owners":1,"channelCorrect":true},{"cell":4637,"channel":0,"station":82,"owners":1,"channelCorrect":true},{"cell":4638,"channel":0,"station":82,"owners":1,"channelCorrect":true},{"cell":4639,"channel":0,"station":82,"owners":1,"channelCorrect":true},{"cell":4640,"channel":0,"station":82,"owners":1,"channelCorrect":true},{"cell":4641,"channel":0,"station":82,"owners":1,"channelCorrect":true},{"cell":4642,"channel":0,"station":82,"owners":1,"channelCorrect":true},{"cell":4643,"channel":0,"station":82,"owners":1,"channelCorrect":true},{"cell":4644,"channel":0,"station":82,"owners":1,"channelCorrect":true},{"cell":4862,"channel":0,"station":118,"owners":1,"channelCorrect":true},{"cell":4863,"channel":0,"station":118,"owners":1,"channelCorrect":true},{"cell":4864,"channel":0,"station":118,"owners":1,"channelCorrect":true},{"cell":4865,"channel":0,"station":118,"owners":1,"channelCorrect":true},{"cell":4866,"channel":0,"station":118,"owners":1,"channelCorrect":true},{"cell":4867,"channel":0,"station":118,"owners":1,"channelCorrect":true},{"cell":4868,"channel":0,"station":118,"owners":1,"channelCorrect":true},{"cell":4869,"channel":0,"station":118,"owners":1,"channelCorrect":true},{"cell":4870,"channel":0,"station":118,"owners":1,"channelCorrect":true},{"cell":4871,"channel":0,"station":118,"owners":1,"channelCorrect":true},{"cell":4872,"channel":0,"station":118,"owners":1,"channelCorrect":true},{"cell":4873,"channel":0,"station":118,"owners":1,"channelCorrect":true},{"cell":4874,"channel":0,"station":118,"owners":1,"channelCorrect":true},{"cell":4875,"channel":0,"station":118,"owners":1,"channelCorrect":true},{"cell":4876,"channel":0,"station":118,"owners":1,"channelCorrect":true},{"cell":4877,"channel":0,"station":118,"owners":1,"channelCorrect":true},{"cell":4884,"channel":0,"station":82,"owners":1,"channelCorrect":true},{"cell":4885,"channel":0,"station":82,"owners":1,"channelCorrect":true},{"cell":4886,"channel":0,"station":82,"owners":1,"channelCorrect":true},{"cell":4887,"channel":0,"station":82,"owners":1,"channelCorrect":true},{"cell":4888,"channel":0,"station":82,"owners":1,"channelCorrect":true},{"cell":4889,"channel":0,"station":82,"owners":1,"channelCorrect":true},{"cell":4890,"channel":0,"station":82,"owners":1,"channelCorrect":true},{"cell":4891,"channel":0,"station":82,"owners":1,"channelCorrect":true},{"cell":4892,"channel":0,"station":82,"owners":1,"channelCorrect":true},{"cell":4893,"channel":0,"station":82,"owners":1,"channelCorrect":true},{"cell":4894,"channel":0,"station":82,"owners":1,"channelCorrect":true},{"cell":5110,"channel":0,"station":118,"owners":1,"channelCorrect":true},{"cell":5111,"channel":0,"station":118,"owners":1,"channelCorrect":true},{"cell":5112,"channel":0,"station":118,"owners":1,"channelCorrect":true},{"cell":5113,"channel":0,"station":118,"owners":1,"channelCorrect":true},{"cell":5114,"channel":0,"station":118,"owners":1,"channelCorrect":true},{"cell":5115,"channel":0,"station":118,"owners":1,"channelCorrect":true},{"cell":5116,"channel":0,"station":118,"owners":1,"channelCorrect":true},{"cell":5117,"channel":0,"station":118,"owners":1,"channelCorrect":true},{"cell":5118,"channel":0,"station":118,"owners":1,"channelCorrect":true},{"cell":5119,"channel":0,"station":118,"owners":1,"channelCorrect":true},{"cell":5120,"channel":0,"station":118,"owners":1,"channelCorrect":true},{"cell":5121,"channel":0,"station":118,"owners":1,"channelCorrect":true},{"cell":5122,"channel":0,"station":118,"owners":1,"channelCorrect":true},{"cell":5123,"channel":0,"station":118,"owners":1,"channelCorrect":true},{"cell":5124,"channel":0,"station":118,"owners":1,"channelCorrect":true},{"cell":5125,"channel":0,"station":118,"owners":1,"channelCorrect":true},{"cell":5131,"channel":0,"station":82,"owners":1,"channelCorrect":true},{"cell":5132,"channel":0,"station":82,"owners":1,"channelCorrect":true},{"cell":5133,"channel":0,"station":82,"owners":1,"channelCorrect":true},{"cell":5134,"channel":0,"station":82,"owners":1,"channelCorrect":true},{"cell":5135,"channel":0,"station":82,"owners":1,"channelCorrect":true},{"cell":5136,"channel":0,"station":82,"owners":1,"channelCorrect":true},{"cell":5137,"channel":0,"station":82,"owners":1,"channelCorrect":true},{"cell":5138,"channel":0,"station":82,"owners":1,"channelCorrect":true},{"cell":5139,"channel":0,"station":82,"owners":1,"channelCorrect":true},{"cell":5140,"channel":0,"station":82,"owners":1,"channelCorrect":true},{"cell":5141,"channel":0,"station":82,"owners":1,"channelCorrect":true},{"cell":5142,"channel":0,"station":82,"owners":1,"channelCorrect":true},{"cell":5143,"channel":0,"station":82,"owners":1,"channelCorrect":true},{"cell":5144,"channel":0,"station":82,"owners":1,"channelCorrect":true},{"cell":5358,"channel":0,"station":118,"owners":1,"channelCorrect":true},{"cell":5360,"channel":0,"station":118,"owners":1,"channelCorrect":true},{"cell":5361,"channel":0,"station":118,"owners":1,"channelCorrect":true},{"cell":5362,"channel":0,"station":118,"owners":1,"channelCorrect":true},{"cell":5363,"channel":0,"station":118,"owners":1,"channelCorrect":true},{"cell":5364,"channel":0,"station":118,"owners":1,"channelCorrect":true},{"cell":5365,"channel":0,"station":118,"owners":1,"channelCorrect":true},{"cell":5366,"channel":0,"station":118,"owners":1,"channelCorrect":true},{"cell":5367,"channel":0,"station":118,"owners":1,"channelCorrect":true},{"cell":5368,"channel":0,"station":118,"owners":1,"channelCorrect":true},{"cell":5369,"channel":0,"station":118,"owners":1,"channelCorrect":true},{"cell":5370,"channel":0,"station":118,"owners":1,"channelCorrect":true},{"cell":5371,"channel":0,"station":118,"owners":1,"channelCorrect":true},{"cell":5372,"channel":0,"station":118,"owners":1,"channelCorrect":true},{"cell":5379,"channel":0,"station":82,"owners":1,"channelCorrect":true},{"cell":5380,"channel":0,"station":82,"owners":1,"channelCorrect":true},{"cell":5381,"channel":0,"station":82,"owners":1,"channelCorrect":true},{"cell":5382,"channel":0,"station":82,"owners":1,"channelCorrect":true},{"cell":5383,"channel":0,"station":82,"owners":1,"channelCorrect":true},{"cell":5384,"channel":0,"station":82,"owners":1,"channelCorrect":true},{"cell":5385,"channel":0,"station":82,"owners":1,"channelCorrect":true},{"cell":5386,"channel":0,"station":82,"owners":1,"channelCorrect":true},{"cell":5387,"channel":0,"station":82,"owners":1,"channelCorrect":true},{"cell":5388,"channel":0,"station":82,"owners":1,"channelCorrect":true},{"cell":5389,"channel":0,"station":82,"owners":1,"channelCorrect":true},{"cell":5390,"channel":0,"station":82,"owners":1,"channelCorrect":true},{"cell":5391,"channel":0,"station":82,"owners":1,"channelCorrect":true},{"cell":5392,"channel":0,"station":82,"owners":1,"channelCorrect":true},{"cell":5393,"channel":0,"station":82,"owners":1,"channelCorrect":true},{"cell":5606,"channel":0,"station":118,"owners":1,"channelCorrect":true},{"cell":5611,"channel":0,"station":118,"owners":1,"channelCorrect":true},{"cell":5612,"channel":0,"station":118,"owners":1,"channelCorrect":true},{"cell":5613,"channel":0,"station":118,"owners":1,"channelCorrect":true},{"cell":5614,"channel":0,"station":118,"owners":1,"channelCorrect":true},{"cell":5615,"channel":0,"station":118,"owners":1,"channelCorrect":true},{"cell":5616,"channel":0,"station":118,"owners":1,"channelCorrect":true},{"cell":5617,"channel":0,"station":118,"owners":1,"channelCorrect":true},{"cell":5618,"channel":0,"station":118,"owners":1,"channelCorrect":true},{"cell":5619,"channel":0,"station":118,"owners":1,"channelCorrect":true},{"cell":5627,"channel":0,"station":82,"owners":1,"channelCorrect":true},{"cell":5628,"channel":0,"station":82,"owners":1,"channelCorrect":true},{"cell":5629,"channel":0,"station":82,"owners":1,"channelCorrect":true},{"cell":5630,"channel":0,"station":82,"owners":1,"channelCorrect":true},{"cell":5631,"channel":0,"station":82,"owners":1,"channelCorrect":true},{"cell":5632,"channel":0,"station":82,"owners":1,"channelCorrect":true},{"cell":5633,"channel":0,"station":82,"owners":1,"channelCorrect":true},{"cell":5634,"channel":0,"station":82,"owners":1,"channelCorrect":true},{"cell":5635,"channel":0,"station":82,"owners":1,"channelCorrect":true},{"cell":5636,"channel":0,"station":82,"owners":1,"channelCorrect":true},{"cell":5637,"channel":0,"station":82,"owners":1,"channelCorrect":true},{"cell":5638,"channel":0,"station":82,"owners":1,"channelCorrect":true},{"cell":5639,"channel":0,"station":82,"owners":1,"channelCorrect":true},{"cell":5640,"channel":0,"station":82,"owners":1,"channelCorrect":true},{"cell":5641,"channel":0,"station":82,"owners":1,"channelCorrect":true},{"cell":5642,"channel":0,"station":82,"owners":1,"channelCorrect":true},{"cell":5643,"channel":0,"station":82,"owners":1,"channelCorrect":true},{"cell":5847,"channel":3,"station":148,"owners":1,"channelCorrect":true},{"cell":5853,"channel":0,"station":118,"owners":1,"channelCorrect":true},{"cell":5854,"channel":0,"station":118,"owners":1,"channelCorrect":true},{"cell":5862,"channel":0,"station":118,"owners":1,"channelCorrect":true},{"cell":5863,"channel":0,"station":118,"owners":1,"channelCorrect":true},{"cell":5864,"channel":0,"station":118,"owners":1,"channelCorrect":true},{"cell":5865,"channel":0,"station":118,"owners":1,"channelCorrect":true},{"cell":5866,"channel":0,"station":118,"owners":1,"channelCorrect":true},{"cell":5867,"channel":0,"station":118,"owners":1,"channelCorrect":true},{"cell":5874,"channel":0,"station":82,"owners":1,"channelCorrect":true},{"cell":5875,"channel":0,"station":82,"owners":1,"channelCorrect":true},{"cell":5876,"channel":0,"station":82,"owners":1,"channelCorrect":true},{"cell":5877,"channel":0,"station":82,"owners":1,"channelCorrect":true},{"cell":5878,"channel":0,"station":82,"owners":1,"channelCorrect":true},{"cell":5879,"channel":0,"station":82,"owners":1,"channelCorrect":true},{"cell":5880,"channel":0,"station":82,"owners":1,"channelCorrect":true},{"cell":5881,"channel":0,"station":82,"owners":1,"channelCorrect":true},{"cell":5882,"channel":0,"station":82,"owners":1,"channelCorrect":true},{"cell":5883,"channel":0,"station":82,"owners":1,"channelCorrect":true},{"cell":5884,"channel":0,"station":82,"owners":1,"channelCorrect":true},{"cell":5885,"channel":0,"station":82,"owners":1,"channelCorrect":true},{"cell":5886,"channel":0,"station":82,"owners":1,"channelCorrect":true},{"cell":5887,"channel":0,"station":82,"owners":1,"channelCorrect":true},{"cell":5888,"channel":0,"station":82,"owners":1,"channelCorrect":true},{"cell":5889,"channel":0,"station":82,"owners":1,"channelCorrect":true},{"cell":5890,"channel":0,"station":82,"owners":1,"channelCorrect":true},{"cell":5891,"channel":0,"station":82,"owners":1,"channelCorrect":true},{"cell":5892,"channel":0,"station":82,"owners":1,"channelCorrect":true},{"cell":5893,"channel":0,"station":82,"owners":1,"channelCorrect":true},{"cell":6095,"channel":3,"station":148,"owners":1,"channelCorrect":true},{"cell":6099,"channel":3,"station":114,"owners":1,"channelCorrect":true},{"cell":6113,"channel":0,"station":118,"owners":1,"channelCorrect":true},{"cell":6114,"channel":0,"station":118,"owners":1,"channelCorrect":true},{"cell":6122,"channel":0,"station":82,"owners":1,"channelCorrect":true},{"cell":6123,"channel":0,"station":82,"owners":1,"channelCorrect":true},{"cell":6124,"channel":0,"station":82,"owners":1,"channelCorrect":true},{"cell":6125,"channel":0,"station":82,"owners":1,"channelCorrect":true},{"cell":6126,"channel":0,"station":82,"owners":1,"channelCorrect":true},{"cell":6127,"channel":0,"station":82,"owners":1,"channelCorrect":true},{"cell":6128,"channel":0,"station":82,"owners":1,"channelCorrect":true},{"cell":6129,"channel":0,"station":82,"owners":1,"channelCorrect":true},{"cell":6130,"channel":0,"station":82,"owners":1,"channelCorrect":true},{"cell":6131,"channel":0,"station":82,"owners":1,"channelCorrect":true},{"cell":6132,"channel":0,"station":82,"owners":1,"channelCorrect":true},{"cell":6133,"channel":0,"station":82,"owners":1,"channelCorrect":true},{"cell":6134,"channel":0,"station":82,"owners":1,"channelCorrect":true},{"cell":6135,"channel":0,"station":82,"owners":1,"channelCorrect":true},{"cell":6136,"channel":0,"station":82,"owners":1,"channelCorrect":true},{"cell":6137,"channel":0,"station":82,"owners":1,"channelCorrect":true},{"cell":6138,"channel":0,"station":82,"owners":1,"channelCorrect":true},{"cell":6139,"channel":0,"station":82,"owners":1,"channelCorrect":true},{"cell":6140,"channel":0,"station":82,"owners":1,"channelCorrect":true},{"cell":6342,"channel":3,"station":148,"owners":1,"channelCorrect":true},{"cell":6370,"channel":0,"station":82,"owners":1,"channelCorrect":true},{"cell":6371,"channel":0,"station":82,"owners":1,"channelCorrect":true},{"cell":6372,"channel":0,"station":82,"owners":1,"channelCorrect":true},{"cell":6373,"channel":0,"station":82,"owners":1,"channelCorrect":true},{"cell":6374,"channel":0,"station":82,"owners":1,"channelCorrect":true},{"cell":6375,"channel":0,"station":82,"owners":1,"channelCorrect":true},{"cell":6376,"channel":0,"station":82,"owners":1,"channelCorrect":true},{"cell":6377,"channel":0,"station":82,"owners":1,"channelCorrect":true},{"cell":6378,"channel":0,"station":82,"owners":1,"channelCorrect":true},{"cell":6379,"channel":0,"station":82,"owners":1,"channelCorrect":true},{"cell":6380,"channel":0,"station":82,"owners":1,"channelCorrect":true},{"cell":6381,"channel":0,"station":82,"owners":1,"channelCorrect":true},{"cell":6382,"channel":0,"station":82,"owners":1,"channelCorrect":true},{"cell":6383,"channel":0,"station":82,"owners":1,"channelCorrect":true},{"cell":6384,"channel":0,"station":82,"owners":1,"channelCorrect":true},{"cell":6385,"channel":0,"station":82,"owners":1,"channelCorrect":true},{"cell":6386,"channel":0,"station":82,"owners":1,"channelCorrect":true},{"cell":6387,"channel":0,"station":82,"owners":1,"channelCorrect":true},{"cell":6391,"channel":0,"station":50,"owners":1,"channelCorrect":true},{"cell":6392,"channel":0,"station":50,"owners":1,"channelCorrect":true},{"cell":6618,"channel":0,"station":82,"owners":1,"channelCorrect":true},{"cell":6619,"channel":0,"station":82,"owners":1,"channelCorrect":true},{"cell":6620,"channel":0,"station":82,"owners":1,"channelCorrect":true},{"cell":6621,"channel":0,"station":82,"owners":1,"channelCorrect":true},{"cell":6622,"channel":0,"station":82,"owners":1,"channelCorrect":true},{"cell":6623,"channel":0,"station":82,"owners":1,"channelCorrect":true},{"cell":6624,"channel":0,"station":82,"owners":1,"channelCorrect":true},{"cell":6625,"channel":0,"station":82,"owners":1,"channelCorrect":true},{"cell":6626,"channel":0,"station":82,"owners":1,"channelCorrect":true},{"cell":6627,"channel":0,"station":82,"owners":1,"channelCorrect":true},{"cell":6628,"channel":0,"station":82,"owners":1,"channelCorrect":true},{"cell":6629,"channel":0,"station":82,"owners":1,"channelCorrect":true},{"cell":6630,"channel":0,"station":82,"owners":1,"channelCorrect":true},{"cell":6631,"channel":0,"station":82,"owners":1,"channelCorrect":true},{"cell":6632,"channel":0,"station":82,"owners":1,"channelCorrect":true},{"cell":6633,"channel":0,"station":82,"owners":1,"channelCorrect":true},{"cell":6634,"channel":0,"station":82,"owners":1,"channelCorrect":true},{"cell":6638,"channel":0,"station":50,"owners":1,"channelCorrect":true},{"cell":6639,"channel":0,"station":50,"owners":1,"channelCorrect":true},{"cell":6640,"channel":0,"station":50,"owners":1,"channelCorrect":true},{"cell":6641,"channel":0,"station":50,"owners":1,"channelCorrect":true},{"cell":6865,"channel":0,"station":82,"owners":1,"channelCorrect":true},{"cell":6866,"channel":0,"station":82,"owners":1,"channelCorrect":true},{"cell":6867,"channel":0,"station":82,"owners":1,"channelCorrect":true},{"cell":6868,"channel":0,"station":82,"owners":1,"channelCorrect":true},{"cell":6869,"channel":0,"station":82,"owners":1,"channelCorrect":true},{"cell":6870,"channel":0,"station":82,"owners":1,"channelCorrect":true},{"cell":6871,"channel":0,"station":82,"owners":1,"channelCorrect":true},{"cell":6872,"channel":0,"station":82,"owners":1,"channelCorrect":true},{"cell":6873,"channel":0,"station":82,"owners":1,"channelCorrect":true},{"cell":6874,"channel":0,"station":82,"owners":1,"channelCorrect":true},{"cell":6875,"channel":0,"station":82,"owners":1,"channelCorrect":true},{"cell":6876,"channel":0,"station":82,"owners":1,"channelCorrect":true},{"cell":6877,"channel":0,"station":82,"owners":1,"channelCorrect":true},{"cell":6878,"channel":0,"station":82,"owners":1,"channelCorrect":true},{"cell":6879,"channel":0,"station":82,"owners":1,"channelCorrect":true},{"cell":6880,"channel":0,"station":82,"owners":1,"channelCorrect":true},{"cell":6881,"channel":0,"station":82,"owners":1,"channelCorrect":true},{"cell":6886,"channel":0,"station":50,"owners":1,"channelCorrect":true},{"cell":6887,"channel":0,"station":50,"owners":1,"channelCorrect":true},{"cell":6888,"channel":0,"station":50,"owners":1,"channelCorrect":true},{"cell":6889,"channel":0,"station":50,"owners":1,"channelCorrect":true},{"cell":6890,"channel":0,"station":50,"owners":1,"channelCorrect":true},{"cell":7115,"channel":0,"station":82,"owners":1,"channelCorrect":true},{"cell":7116,"channel":0,"station":82,"owners":1,"channelCorrect":true},{"cell":7117,"channel":0,"station":82,"owners":1,"channelCorrect":true},{"cell":7118,"channel":0,"station":82,"owners":1,"channelCorrect":true},{"cell":7119,"channel":0,"station":82,"owners":1,"channelCorrect":true},{"cell":7120,"channel":0,"station":82,"owners":1,"channelCorrect":true},{"cell":7121,"channel":0,"station":82,"owners":1,"channelCorrect":true},{"cell":7122,"channel":0,"station":82,"owners":1,"channelCorrect":true},{"cell":7123,"channel":0,"station":82,"owners":1,"channelCorrect":true},{"cell":7124,"channel":0,"station":82,"owners":1,"channelCorrect":true},{"cell":7125,"channel":0,"station":82,"owners":1,"channelCorrect":true},{"cell":7126,"channel":0,"station":82,"owners":1,"channelCorrect":true},{"cell":7127,"channel":0,"station":82,"owners":1,"channelCorrect":true},{"cell":7128,"channel":0,"station":82,"owners":1,"channelCorrect":true},{"cell":7133,"channel":0,"station":50,"owners":1,"channelCorrect":true},{"cell":7134,"channel":0,"station":50,"owners":1,"channelCorrect":true},{"cell":7135,"channel":0,"station":50,"owners":1,"channelCorrect":true},{"cell":7136,"channel":0,"station":50,"owners":1,"channelCorrect":true},{"cell":7137,"channel":0,"station":50,"owners":1,"channelCorrect":true},{"cell":7138,"channel":0,"station":50,"owners":1,"channelCorrect":true},{"cell":7139,"channel":0,"station":50,"owners":1,"channelCorrect":true},{"cell":7140,"channel":0,"station":50,"owners":1,"channelCorrect":true},{"cell":7365,"channel":0,"station":82,"owners":1,"channelCorrect":true},{"cell":7366,"channel":0,"station":82,"owners":1,"channelCorrect":true},{"cell":7367,"channel":0,"station":82,"owners":1,"channelCorrect":true},{"cell":7368,"channel":0,"station":82,"owners":1,"channelCorrect":true},{"cell":7369,"channel":0,"station":82,"owners":1,"channelCorrect":true},{"cell":7370,"channel":0,"station":82,"owners":1,"channelCorrect":true},{"cell":7371,"channel":0,"station":82,"owners":1,"channelCorrect":true},{"cell":7372,"channel":0,"station":82,"owners":1,"channelCorrect":true},{"cell":7373,"channel":0,"station":82,"owners":1,"channelCorrect":true},{"cell":7374,"channel":0,"station":82,"owners":1,"channelCorrect":true},{"cell":7375,"channel":0,"station":82,"owners":1,"channelCorrect":true},{"cell":7381,"channel":0,"station":50,"owners":1,"channelCorrect":true},{"cell":7382,"channel":0,"station":50,"owners":1,"channelCorrect":true},{"cell":7383,"channel":0,"station":50,"owners":1,"channelCorrect":true},{"cell":7384,"channel":0,"station":50,"owners":1,"channelCorrect":true},{"cell":7385,"channel":0,"station":50,"owners":1,"channelCorrect":true},{"cell":7386,"channel":0,"station":50,"owners":1,"channelCorrect":true},{"cell":7387,"channel":0,"station":50,"owners":1,"channelCorrect":true},{"cell":7388,"channel":0,"station":50,"owners":1,"channelCorrect":true},{"cell":7389,"channel":0,"station":50,"owners":1,"channelCorrect":true},{"cell":7615,"channel":0,"station":82,"owners":1,"channelCorrect":true},{"cell":7616,"channel":0,"station":82,"owners":1,"channelCorrect":true},{"cell":7617,"channel":0,"station":82,"owners":1,"channelCorrect":true},{"cell":7618,"channel":0,"station":82,"owners":1,"channelCorrect":true},{"cell":7619,"channel":0,"station":82,"owners":1,"channelCorrect":true},{"cell":7620,"channel":0,"station":82,"owners":1,"channelCorrect":true},{"cell":7621,"channel":0,"station":82,"owners":1,"channelCorrect":true},{"cell":7622,"channel":0,"station":82,"owners":1,"channelCorrect":true},{"cell":7623,"channel":0,"station":82,"owners":1,"channelCorrect":true},{"cell":7628,"channel":0,"station":50,"owners":1,"channelCorrect":true},{"cell":7629,"channel":0,"station":50,"owners":1,"channelCorrect":true},{"cell":7630,"channel":0,"station":50,"owners":1,"channelCorrect":true},{"cell":7631,"channel":0,"station":50,"owners":1,"channelCorrect":true},{"cell":7632,"channel":0,"station":50,"owners":1,"channelCorrect":true},{"cell":7633,"channel":0,"station":50,"owners":1,"channelCorrect":true},{"cell":7634,"channel":0,"station":50,"owners":1,"channelCorrect":true},{"cell":7635,"channel":0,"station":50,"owners":1,"channelCorrect":true},{"cell":7636,"channel":0,"station":50,"owners":1,"channelCorrect":true},{"cell":7637,"channel":0,"station":50,"owners":1,"channelCorrect":true},{"cell":7638,"channel":0,"station":50,"owners":1,"channelCorrect":true},{"cell":7865,"channel":0,"station":82,"owners":1,"channelCorrect":true},{"cell":7866,"channel":0,"station":82,"owners":1,"channelCorrect":true},{"cell":7867,"channel":0,"station":82,"owners":1,"channelCorrect":true},{"cell":7868,"channel":0,"station":82,"owners":1,"channelCorrect":true},{"cell":7869,"channel":0,"station":82,"owners":1,"channelCorrect":true},{"cell":7870,"channel":0,"station":82,"owners":1,"channelCorrect":true},{"cell":7876,"channel":0,"station":50,"owners":1,"channelCorrect":true},{"cell":7877,"channel":0,"station":50,"owners":1,"channelCorrect":true},{"cell":7878,"channel":0,"station":50,"owners":1,"channelCorrect":true},{"cell":7879,"channel":0,"station":50,"owners":1,"channelCorrect":true},{"cell":7880,"channel":0,"station":50,"owners":1,"channelCorrect":true},{"cell":7881,"channel":0,"station":50,"owners":1,"channelCorrect":true},{"cell":7882,"channel":0,"station":50,"owners":1,"channelCorrect":true},{"cell":7883,"channel":0,"station":50,"owners":1,"channelCorrect":true},{"cell":7884,"channel":0,"station":50,"owners":1,"channelCorrect":true},{"cell":7885,"channel":0,"station":50,"owners":1,"channelCorrect":true},{"cell":7886,"channel":0,"station":50,"owners":1,"channelCorrect":true},{"cell":7887,"channel":0,"station":50,"owners":1,"channelCorrect":true},{"cell":8115,"channel":0,"station":82,"owners":1,"channelCorrect":true},{"cell":8116,"channel":0,"station":82,"owners":1,"channelCorrect":true},{"cell":8117,"channel":0,"station":82,"owners":1,"channelCorrect":true},{"cell":8124,"channel":0,"station":50,"owners":1,"channelCorrect":true},{"cell":8125,"channel":0,"station":50,"owners":1,"channelCorrect":true},{"cell":8126,"channel":0,"station":50,"owners":1,"channelCorrect":true},{"cell":8127,"channel":0,"station":50,"owners":1,"channelCorrect":true},{"cell":8128,"channel":0,"station":50,"owners":1,"channelCorrect":true},{"cell":8129,"channel":0,"station":50,"owners":1,"channelCorrect":true},{"cell":8130,"channel":0,"station":50,"owners":1,"channelCorrect":true},{"cell":8131,"channel":0,"station":50,"owners":1,"channelCorrect":true},{"cell":8132,"channel":0,"station":50,"owners":1,"channelCorrect":true},{"cell":8133,"channel":0,"station":50,"owners":1,"channelCorrect":true},{"cell":8134,"channel":0,"station":50,"owners":1,"channelCorrect":true},{"cell":8135,"channel":0,"station":50,"owners":1,"channelCorrect":true},{"cell":8136,"channel":0,"station":50,"owners":1,"channelCorrect":true},{"cell":8137,"channel":0,"station":50,"owners":1,"channelCorrect":true},{"cell":8363,"channel":0,"station":82,"owners":1,"channelCorrect":true},{"cell":8364,"channel":0,"station":82,"owners":1,"channelCorrect":true},{"cell":8371,"channel":0,"station":50,"owners":1,"channelCorrect":true},{"cell":8372,"channel":0,"station":50,"owners":1,"channelCorrect":true},{"cell":8373,"channel":0,"station":50,"owners":1,"channelCorrect":true},{"cell":8374,"channel":0,"station":50,"owners":1,"channelCorrect":true},{"cell":8375,"channel":0,"station":50,"owners":1,"channelCorrect":true},{"cell":8376,"channel":0,"station":50,"owners":1,"channelCorrect":true},{"cell":8377,"channel":0,"station":50,"owners":1,"channelCorrect":true},{"cell":8378,"channel":0,"station":50,"owners":1,"channelCorrect":true},{"cell":8379,"channel":0,"station":50,"owners":1,"channelCorrect":true},{"cell":8380,"channel":0,"station":50,"owners":1,"channelCorrect":true},{"cell":8381,"channel":0,"station":50,"owners":1,"channelCorrect":true},{"cell":8382,"channel":0,"station":50,"owners":1,"channelCorrect":true},{"cell":8383,"channel":0,"station":50,"owners":1,"channelCorrect":true},{"cell":8384,"channel":0,"station":50,"owners":1,"channelCorrect":true},{"cell":8385,"channel":0,"station":50,"owners":1,"channelCorrect":true},{"cell":8386,"channel":0,"station":50,"owners":1,"channelCorrect":true},{"cell":8619,"channel":0,"station":50,"owners":1,"channelCorrect":true},{"cell":8620,"channel":0,"station":50,"owners":1,"channelCorrect":true},{"cell":8621,"channel":0,"station":50,"owners":1,"channelCorrect":true},{"cell":8622,"channel":0,"station":50,"owners":1,"channelCorrect":true},{"cell":8623,"channel":0,"station":50,"owners":1,"channelCorrect":true},{"cell":8624,"channel":0,"station":50,"owners":1,"channelCorrect":true},{"cell":8625,"channel":0,"station":50,"owners":1,"channelCorrect":true},{"cell":8626,"channel":0,"station":50,"owners":1,"channelCorrect":true},{"cell":8627,"channel":0,"station":50,"owners":1,"channelCorrect":true},{"cell":8628,"channel":0,"station":50,"owners":1,"channelCorrect":true},{"cell":8629,"channel":0,"station":50,"owners":1,"channelCorrect":true},{"cell":8630,"channel":0,"station":50,"owners":1,"channelCorrect":true},{"cell":8631,"channel":0,"station":50,"owners":1,"channelCorrect":true},{"cell":8632,"channel":0,"station":50,"owners":1,"channelCorrect":true},{"cell":8633,"channel":0,"station":50,"owners":1,"channelCorrect":true},{"cell":8634,"channel":0,"station":50,"owners":1,"channelCorrect":true},{"cell":8635,"channel":0,"station":50,"owners":1,"channelCorrect":true},{"cell":8866,"channel":0,"station":50,"owners":1,"channelCorrect":true},{"cell":8867,"channel":0,"station":50,"owners":1,"channelCorrect":true},{"cell":8868,"channel":0,"station":50,"owners":1,"channelCorrect":true},{"cell":8869,"channel":0,"station":50,"owners":1,"channelCorrect":true},{"cell":8870,"channel":0,"station":50,"owners":1,"channelCorrect":true},{"cell":8871,"channel":0,"station":50,"owners":1,"channelCorrect":true},{"cell":8872,"channel":0,"station":50,"owners":1,"channelCorrect":true},{"cell":8873,"channel":0,"station":50,"owners":1,"channelCorrect":true},{"cell":8874,"channel":0,"station":50,"owners":1,"channelCorrect":true},{"cell":8875,"channel":0,"station":50,"owners":1,"channelCorrect":true},{"cell":8876,"channel":0,"station":50,"owners":1,"channelCorrect":true},{"cell":8877,"channel":0,"station":50,"owners":1,"channelCorrect":true},{"cell":8878,"channel":0,"station":50,"owners":1,"channelCorrect":true},{"cell":8879,"channel":0,"station":50,"owners":1,"channelCorrect":true},{"cell":8880,"channel":0,"station":50,"owners":1,"channelCorrect":true},{"cell":8881,"channel":0,"station":50,"owners":1,"channelCorrect":true},{"cell":8882,"channel":0,"station":50,"owners":1,"channelCorrect":true},{"cell":8883,"channel":0,"station":50,"owners":1,"channelCorrect":true},{"cell":8884,"channel":0,"station":50,"owners":1,"channelCorrect":true},{"cell":9051,"channel":3,"station":148,"owners":1,"channelCorrect":true},{"cell":9052,"channel":3,"station":148,"owners":1,"channelCorrect":true},{"cell":9113,"channel":0,"station":50,"owners":1,"channelCorrect":true},{"cell":9114,"channel":0,"station":50,"owners":1,"channelCorrect":true},{"cell":9115,"channel":0,"station":50,"owners":1,"channelCorrect":true},{"cell":9116,"channel":0,"station":50,"owners":1,"channelCorrect":true},{"cell":9117,"channel":0,"station":50,"owners":1,"channelCorrect":true},{"cell":9118,"channel":0,"station":50,"owners":1,"channelCorrect":true},{"cell":9119,"channel":0,"station":50,"owners":1,"channelCorrect":true},{"cell":9120,"channel":0,"station":50,"owners":1,"channelCorrect":true},{"cell":9121,"channel":0,"station":50,"owners":1,"channelCorrect":true},{"cell":9122,"channel":0,"station":50,"owners":1,"channelCorrect":true},{"cell":9123,"channel":0,"station":50,"owners":1,"channelCorrect":true},{"cell":9124,"channel":0,"station":50,"owners":1,"channelCorrect":true},{"cell":9125,"channel":0,"station":50,"owners":1,"channelCorrect":true},{"cell":9126,"channel":0,"station":50,"owners":1,"channelCorrect":true},{"cell":9127,"channel":0,"station":50,"owners":1,"channelCorrect":true},{"cell":9128,"channel":0,"station":50,"owners":1,"channelCorrect":true},{"cell":9129,"channel":0,"station":50,"owners":1,"channelCorrect":true},{"cell":9130,"channel":0,"station":50,"owners":1,"channelCorrect":true},{"cell":9131,"channel":0,"station":50,"owners":1,"channelCorrect":true},{"cell":9132,"channel":0,"station":50,"owners":1,"channelCorrect":true},{"cell":9133,"channel":0,"station":50,"owners":1,"channelCorrect":true},{"cell":9310,"channel":3,"station":148,"owners":1,"channelCorrect":true},{"cell":9311,"channel":3,"station":148,"owners":1,"channelCorrect":true},{"cell":9312,"channel":3,"station":148,"owners":1,"channelCorrect":true},{"cell":9361,"channel":0,"station":50,"owners":1,"channelCorrect":true},{"cell":9363,"channel":0,"station":50,"owners":1,"channelCorrect":true},{"cell":9364,"channel":0,"station":50,"owners":1,"channelCorrect":true},{"cell":9365,"channel":0,"station":50,"owners":1,"channelCorrect":true},{"cell":9366,"channel":0,"station":50,"owners":1,"channelCorrect":true},{"cell":9367,"channel":0,"station":50,"owners":1,"channelCorrect":true},{"cell":9368,"channel":0,"station":50,"owners":1,"channelCorrect":true},{"cell":9369,"channel":0,"station":50,"owners":1,"channelCorrect":true},{"cell":9370,"channel":0,"station":50,"owners":1,"channelCorrect":true},{"cell":9371,"channel":0,"station":50,"owners":1,"channelCorrect":true},{"cell":9372,"channel":0,"station":50,"owners":1,"channelCorrect":true},{"cell":9373,"channel":0,"station":50,"owners":1,"channelCorrect":true},{"cell":9374,"channel":0,"station":50,"owners":1,"channelCorrect":true},{"cell":9375,"channel":0,"station":50,"owners":1,"channelCorrect":true},{"cell":9376,"channel":0,"station":50,"owners":1,"channelCorrect":true},{"cell":9377,"channel":0,"station":50,"owners":1,"channelCorrect":true},{"cell":9378,"channel":0,"station":50,"owners":1,"channelCorrect":true},{"cell":9379,"channel":0,"station":50,"owners":1,"channelCorrect":true},{"cell":9380,"channel":0,"station":50,"owners":1,"channelCorrect":true},{"cell":9612,"channel":0,"station":50,"owners":1,"channelCorrect":true},{"cell":9613,"channel":0,"station":50,"owners":1,"channelCorrect":true},{"cell":9614,"channel":0,"station":50,"owners":1,"channelCorrect":true},{"cell":9615,"channel":0,"station":50,"owners":1,"channelCorrect":true},{"cell":9616,"channel":0,"station":50,"owners":1,"channelCorrect":true},{"cell":9617,"channel":0,"station":50,"owners":1,"channelCorrect":true},{"cell":9618,"channel":0,"station":50,"owners":1,"channelCorrect":true},{"cell":9619,"channel":0,"station":50,"owners":1,"channelCorrect":true},{"cell":9620,"channel":0,"station":50,"owners":1,"channelCorrect":true},{"cell":9621,"channel":0,"station":50,"owners":1,"channelCorrect":true},{"cell":9622,"channel":0,"station":50,"owners":1,"channelCorrect":true},{"cell":9623,"channel":0,"station":50,"owners":1,"channelCorrect":true},{"cell":9624,"channel":0,"station":50,"owners":1,"channelCorrect":true},{"cell":9625,"channel":0,"station":50,"owners":1,"channelCorrect":true},{"cell":9626,"channel":0,"station":50,"owners":1,"channelCorrect":true},{"cell":9627,"channel":0,"station":50,"owners":1,"channelCorrect":true},{"cell":9861,"channel":0,"station":50,"owners":1,"channelCorrect":true},{"cell":9862,"channel":0,"station":50,"owners":1,"channelCorrect":true},{"cell":9863,"channel":0,"station":50,"owners":1,"channelCorrect":true},{"cell":9864,"channel":0,"station":50,"owners":1,"channelCorrect":true},{"cell":9865,"channel":0,"station":50,"owners":1,"channelCorrect":true},{"cell":9866,"channel":0,"station":50,"owners":1,"channelCorrect":true},{"cell":9867,"channel":0,"station":50,"owners":1,"channelCorrect":true},{"cell":9868,"channel":0,"station":50,"owners":1,"channelCorrect":true},{"cell":9869,"channel":0,"station":50,"owners":1,"channelCorrect":true},{"cell":9870,"channel":0,"station":50,"owners":1,"channelCorrect":true},{"cell":9871,"channel":0,"station":50,"owners":1,"channelCorrect":true},{"cell":9872,"channel":0,"station":50,"owners":1,"channelCorrect":true},{"cell":9873,"channel":0,"station":50,"owners":1,"channelCorrect":true},{"cell":10069,"channel":3,"station":114,"owners":1,"channelCorrect":true},{"cell":10070,"channel":3,"station":114,"owners":1,"channelCorrect":true},{"cell":10071,"channel":3,"station":114,"owners":1,"channelCorrect":true},{"cell":10072,"channel":3,"station":114,"owners":1,"channelCorrect":true},{"cell":10073,"channel":3,"station":114,"owners":1,"channelCorrect":true},{"cell":10074,"channel":3,"station":114,"owners":1,"channelCorrect":true},{"cell":10075,"channel":3,"station":114,"owners":1,"channelCorrect":true},{"cell":10076,"channel":3,"station":114,"owners":1,"channelCorrect":true},{"cell":10111,"channel":0,"station":50,"owners":1,"channelCorrect":true},{"cell":10112,"channel":0,"station":50,"owners":1,"channelCorrect":true},{"cell":10113,"channel":0,"station":50,"owners":1,"channelCorrect":true},{"cell":10114,"channel":0,"station":50,"owners":1,"channelCorrect":true},{"cell":10115,"channel":0,"station":50,"owners":1,"channelCorrect":true},{"cell":10116,"channel":0,"station":50,"owners":1,"channelCorrect":true},{"cell":10117,"channel":0,"station":50,"owners":1,"channelCorrect":true},{"cell":10118,"channel":0,"station":50,"owners":1,"channelCorrect":true},{"cell":10119,"channel":0,"station":50,"owners":1,"channelCorrect":true},{"cell":10120,"channel":0,"station":50,"owners":1,"channelCorrect":true},{"cell":10320,"channel":3,"station":114,"owners":1,"channelCorrect":true},{"cell":10321,"channel":3,"station":114,"owners":1,"channelCorrect":true},{"cell":10322,"channel":3,"station":114,"owners":1,"channelCorrect":true},{"cell":10323,"channel":3,"station":114,"owners":1,"channelCorrect":true},{"cell":10324,"channel":3,"station":114,"owners":1,"channelCorrect":true},{"cell":10325,"channel":3,"station":114,"owners":1,"channelCorrect":true},{"cell":10360,"channel":0,"station":50,"owners":1,"channelCorrect":true},{"cell":10361,"channel":0,"station":50,"owners":1,"channelCorrect":true},{"cell":10362,"channel":0,"station":50,"owners":1,"channelCorrect":true},{"cell":10363,"channel":0,"station":50,"owners":1,"channelCorrect":true},{"cell":10364,"channel":0,"station":50,"owners":1,"channelCorrect":true},{"cell":10365,"channel":0,"station":50,"owners":1,"channelCorrect":true},{"cell":10366,"channel":0,"station":50,"owners":1,"channelCorrect":true},{"cell":10367,"channel":0,"station":50,"owners":1,"channelCorrect":true},{"cell":10559,"channel":3,"station":114,"owners":1,"channelCorrect":true},{"cell":10571,"channel":3,"station":114,"owners":1,"channelCorrect":true},{"cell":10572,"channel":3,"station":114,"owners":1,"channelCorrect":true},{"cell":10609,"channel":0,"station":50,"owners":1,"channelCorrect":true},{"cell":10610,"channel":0,"station":50,"owners":1,"channelCorrect":true},{"cell":10611,"channel":0,"station":50,"owners":1,"channelCorrect":true},{"cell":10612,"channel":0,"station":50,"owners":1,"channelCorrect":true},{"cell":10613,"channel":0,"station":50,"owners":1,"channelCorrect":true},{"cell":10614,"channel":0,"station":50,"owners":1,"channelCorrect":true},{"cell":10858,"channel":0,"station":50,"owners":1,"channelCorrect":true},{"cell":10859,"channel":0,"station":50,"owners":1,"channelCorrect":true},{"cell":10860,"channel":0,"station":50,"owners":1,"channelCorrect":true},{"cell":11106,"channel":0,"station":50,"owners":1,"channelCorrect":true},{"cell":11107,"channel":0,"station":50,"owners":1,"channelCorrect":true},{"cell":50538,"channel":1,"station":50,"owners":1,"channelCorrect":true},{"cell":50539,"channel":1,"station":50,"owners":1,"channelCorrect":true},{"cell":50786,"channel":1,"station":50,"owners":1,"channelCorrect":true},{"cell":50787,"channel":1,"station":50,"owners":1,"channelCorrect":true},{"cell":50788,"channel":1,"station":50,"owners":1,"channelCorrect":true},{"cell":50983,"channel":2,"station":114,"owners":1,"channelCorrect":true},{"cell":50995,"channel":2,"station":114,"owners":1,"channelCorrect":true},{"cell":50996,"channel":2,"station":114,"owners":1,"channelCorrect":true},{"cell":51033,"channel":1,"station":50,"owners":1,"channelCorrect":true},{"cell":51034,"channel":1,"station":50,"owners":1,"channelCorrect":true},{"cell":51035,"channel":1,"station":50,"owners":1,"channelCorrect":true},{"cell":51036,"channel":1,"station":50,"owners":1,"channelCorrect":true},{"cell":51037,"channel":1,"station":50,"owners":1,"channelCorrect":true},{"cell":51240,"channel":2,"station":114,"owners":1,"channelCorrect":true},{"cell":51241,"channel":2,"station":114,"owners":1,"channelCorrect":true},{"cell":51242,"channel":2,"station":114,"owners":1,"channelCorrect":true},{"cell":51243,"channel":2,"station":114,"owners":1,"channelCorrect":true},{"cell":51244,"channel":2,"station":114,"owners":1,"channelCorrect":true},{"cell":51245,"channel":2,"station":114,"owners":1,"channelCorrect":true},{"cell":51280,"channel":1,"station":50,"owners":1,"channelCorrect":true},{"cell":51281,"channel":1,"station":50,"owners":1,"channelCorrect":true},{"cell":51282,"channel":1,"station":50,"owners":1,"channelCorrect":true},{"cell":51283,"channel":1,"station":50,"owners":1,"channelCorrect":true},{"cell":51284,"channel":1,"station":50,"owners":1,"channelCorrect":true},{"cell":51285,"channel":1,"station":50,"owners":1,"channelCorrect":true},{"cell":51286,"channel":1,"station":50,"owners":1,"channelCorrect":true},{"cell":51287,"channel":1,"station":50,"owners":1,"channelCorrect":true},{"cell":51485,"channel":2,"station":114,"owners":1,"channelCorrect":true},{"cell":51486,"channel":2,"station":114,"owners":1,"channelCorrect":true},{"cell":51487,"channel":2,"station":114,"owners":1,"channelCorrect":true},{"cell":51488,"channel":2,"station":114,"owners":1,"channelCorrect":true},{"cell":51489,"channel":2,"station":114,"owners":1,"channelCorrect":true},{"cell":51490,"channel":2,"station":114,"owners":1,"channelCorrect":true},{"cell":51491,"channel":2,"station":114,"owners":1,"channelCorrect":true},{"cell":51492,"channel":2,"station":114,"owners":1,"channelCorrect":true},{"cell":51527,"channel":1,"station":50,"owners":1,"channelCorrect":true},{"cell":51528,"channel":1,"station":50,"owners":1,"channelCorrect":true},{"cell":51529,"channel":1,"station":50,"owners":1,"channelCorrect":true},{"cell":51530,"channel":1,"station":50,"owners":1,"channelCorrect":true},{"cell":51531,"channel":1,"station":50,"owners":1,"channelCorrect":true},{"cell":51532,"channel":1,"station":50,"owners":1,"channelCorrect":true},{"cell":51533,"channel":1,"station":50,"owners":1,"channelCorrect":true},{"cell":51534,"channel":1,"station":50,"owners":1,"channelCorrect":true},{"cell":51535,"channel":1,"station":50,"owners":1,"channelCorrect":true},{"cell":51536,"channel":1,"station":50,"owners":1,"channelCorrect":true},{"cell":51773,"channel":1,"station":50,"owners":1,"channelCorrect":true},{"cell":51774,"channel":1,"station":50,"owners":1,"channelCorrect":true},{"cell":51775,"channel":1,"station":50,"owners":1,"channelCorrect":true},{"cell":51776,"channel":1,"station":50,"owners":1,"channelCorrect":true},{"cell":51777,"channel":1,"station":50,"owners":1,"channelCorrect":true},{"cell":51778,"channel":1,"station":50,"owners":1,"channelCorrect":true},{"cell":51779,"channel":1,"station":50,"owners":1,"channelCorrect":true},{"cell":51780,"channel":1,"station":50,"owners":1,"channelCorrect":true},{"cell":51781,"channel":1,"station":50,"owners":1,"channelCorrect":true},{"cell":51782,"channel":1,"station":50,"owners":1,"channelCorrect":true},{"cell":51783,"channel":1,"station":50,"owners":1,"channelCorrect":true},{"cell":51784,"channel":1,"station":50,"owners":1,"channelCorrect":true},{"cell":51785,"channel":1,"station":50,"owners":1,"channelCorrect":true},{"cell":52020,"channel":1,"station":50,"owners":1,"channelCorrect":true},{"cell":52021,"channel":1,"station":50,"owners":1,"channelCorrect":true},{"cell":52022,"channel":1,"station":50,"owners":1,"channelCorrect":true},{"cell":52023,"channel":1,"station":50,"owners":1,"channelCorrect":true},{"cell":52024,"channel":1,"station":50,"owners":1,"channelCorrect":true},{"cell":52025,"channel":1,"station":50,"owners":1,"channelCorrect":true},{"cell":52026,"channel":1,"station":50,"owners":1,"channelCorrect":true},{"cell":52027,"channel":1,"station":50,"owners":1,"channelCorrect":true},{"cell":52028,"channel":1,"station":50,"owners":1,"channelCorrect":true},{"cell":52029,"channel":1,"station":50,"owners":1,"channelCorrect":true},{"cell":52030,"channel":1,"station":50,"owners":1,"channelCorrect":true},{"cell":52031,"channel":1,"station":50,"owners":1,"channelCorrect":true},{"cell":52032,"channel":1,"station":50,"owners":1,"channelCorrect":true},{"cell":52033,"channel":1,"station":50,"owners":1,"channelCorrect":true},{"cell":52034,"channel":1,"station":50,"owners":1,"channelCorrect":true},{"cell":52214,"channel":2,"station":148,"owners":1,"channelCorrect":true},{"cell":52215,"channel":2,"station":148,"owners":1,"channelCorrect":true},{"cell":52216,"channel":2,"station":148,"owners":1,"channelCorrect":true},{"cell":52265,"channel":1,"station":50,"owners":1,"channelCorrect":true},{"cell":52267,"channel":1,"station":50,"owners":1,"channelCorrect":true},{"cell":52268,"channel":1,"station":50,"owners":1,"channelCorrect":true},{"cell":52269,"channel":1,"station":50,"owners":1,"channelCorrect":true},{"cell":52270,"channel":1,"station":50,"owners":1,"channelCorrect":true},{"cell":52271,"channel":1,"station":50,"owners":1,"channelCorrect":true},{"cell":52272,"channel":1,"station":50,"owners":1,"channelCorrect":true},{"cell":52273,"channel":1,"station":50,"owners":1,"channelCorrect":true},{"cell":52274,"channel":1,"station":50,"owners":1,"channelCorrect":true},{"cell":52275,"channel":1,"station":50,"owners":1,"channelCorrect":true},{"cell":52276,"channel":1,"station":50,"owners":1,"channelCorrect":true},{"cell":52277,"channel":1,"station":50,"owners":1,"channelCorrect":true},{"cell":52278,"channel":1,"station":50,"owners":1,"channelCorrect":true},{"cell":52279,"channel":1,"station":50,"owners":1,"channelCorrect":true},{"cell":52280,"channel":1,"station":50,"owners":1,"channelCorrect":true},{"cell":52281,"channel":1,"station":50,"owners":1,"channelCorrect":true},{"cell":52282,"channel":1,"station":50,"owners":1,"channelCorrect":true},{"cell":52283,"channel":1,"station":50,"owners":1,"channelCorrect":true},{"cell":52284,"channel":1,"station":50,"owners":1,"channelCorrect":true},{"cell":52451,"channel":2,"station":148,"owners":1,"channelCorrect":true},{"cell":52452,"channel":2,"station":148,"owners":1,"channelCorrect":true},{"cell":52513,"channel":1,"station":50,"owners":1,"channelCorrect":true},{"cell":52514,"channel":1,"station":50,"owners":1,"channelCorrect":true},{"cell":52515,"channel":1,"station":50,"owners":1,"channelCorrect":true},{"cell":52516,"channel":1,"station":50,"owners":1,"channelCorrect":true},{"cell":52517,"channel":1,"station":50,"owners":1,"channelCorrect":true},{"cell":52518,"channel":1,"station":50,"owners":1,"channelCorrect":true},{"cell":52519,"channel":1,"station":50,"owners":1,"channelCorrect":true},{"cell":52520,"channel":1,"station":50,"owners":1,"channelCorrect":true},{"cell":52521,"channel":1,"station":50,"owners":1,"channelCorrect":true},{"cell":52522,"channel":1,"station":50,"owners":1,"channelCorrect":true},{"cell":52523,"channel":1,"station":50,"owners":1,"channelCorrect":true},{"cell":52524,"channel":1,"station":50,"owners":1,"channelCorrect":true},{"cell":52525,"channel":1,"station":50,"owners":1,"channelCorrect":true},{"cell":52526,"channel":1,"station":50,"owners":1,"channelCorrect":true},{"cell":52527,"channel":1,"station":50,"owners":1,"channelCorrect":true},{"cell":52528,"channel":1,"station":50,"owners":1,"channelCorrect":true},{"cell":52529,"channel":1,"station":50,"owners":1,"channelCorrect":true},{"cell":52530,"channel":1,"station":50,"owners":1,"channelCorrect":true},{"cell":52531,"channel":1,"station":50,"owners":1,"channelCorrect":true},{"cell":52532,"channel":1,"station":50,"owners":1,"channelCorrect":true},{"cell":52533,"channel":1,"station":50,"owners":1,"channelCorrect":true},{"cell":52762,"channel":1,"station":50,"owners":1,"channelCorrect":true},{"cell":52763,"channel":1,"station":50,"owners":1,"channelCorrect":true},{"cell":52764,"channel":1,"station":50,"owners":1,"channelCorrect":true},{"cell":52765,"channel":1,"station":50,"owners":1,"channelCorrect":true},{"cell":52766,"channel":1,"station":50,"owners":1,"channelCorrect":true},{"cell":52767,"channel":1,"station":50,"owners":1,"channelCorrect":true},{"cell":52768,"channel":1,"station":50,"owners":1,"channelCorrect":true},{"cell":52769,"channel":1,"station":50,"owners":1,"channelCorrect":true},{"cell":52770,"channel":1,"station":50,"owners":1,"channelCorrect":true},{"cell":52771,"channel":1,"station":50,"owners":1,"channelCorrect":true},{"cell":52772,"channel":1,"station":50,"owners":1,"channelCorrect":true},{"cell":52773,"channel":1,"station":50,"owners":1,"channelCorrect":true},{"cell":52774,"channel":1,"station":50,"owners":1,"channelCorrect":true},{"cell":52775,"channel":1,"station":50,"owners":1,"channelCorrect":true},{"cell":52776,"channel":1,"station":50,"owners":1,"channelCorrect":true},{"cell":52777,"channel":1,"station":50,"owners":1,"channelCorrect":true},{"cell":52778,"channel":1,"station":50,"owners":1,"channelCorrect":true},{"cell":52779,"channel":1,"station":50,"owners":1,"channelCorrect":true},{"cell":52780,"channel":1,"station":50,"owners":1,"channelCorrect":true},{"cell":53011,"channel":1,"station":50,"owners":1,"channelCorrect":true},{"cell":53012,"channel":1,"station":50,"owners":1,"channelCorrect":true},{"cell":53013,"channel":1,"station":50,"owners":1,"channelCorrect":true},{"cell":53014,"channel":1,"station":50,"owners":1,"channelCorrect":true},{"cell":53015,"channel":1,"station":50,"owners":1,"channelCorrect":true},{"cell":53016,"channel":1,"station":50,"owners":1,"channelCorrect":true},{"cell":53017,"channel":1,"station":50,"owners":1,"channelCorrect":true},{"cell":53018,"channel":1,"station":50,"owners":1,"channelCorrect":true},{"cell":53019,"channel":1,"station":50,"owners":1,"channelCorrect":true},{"cell":53020,"channel":1,"station":50,"owners":1,"channelCorrect":true},{"cell":53021,"channel":1,"station":50,"owners":1,"channelCorrect":true},{"cell":53022,"channel":1,"station":50,"owners":1,"channelCorrect":true},{"cell":53023,"channel":1,"station":50,"owners":1,"channelCorrect":true},{"cell":53024,"channel":1,"station":50,"owners":1,"channelCorrect":true},{"cell":53025,"channel":1,"station":50,"owners":1,"channelCorrect":true},{"cell":53026,"channel":1,"station":50,"owners":1,"channelCorrect":true},{"cell":53027,"channel":1,"station":50,"owners":1,"channelCorrect":true},{"cell":53251,"channel":1,"station":82,"owners":1,"channelCorrect":true},{"cell":53252,"channel":1,"station":82,"owners":1,"channelCorrect":true},{"cell":53259,"channel":1,"station":50,"owners":1,"channelCorrect":true},{"cell":53260,"channel":1,"station":50,"owners":1,"channelCorrect":true},{"cell":53261,"channel":1,"station":50,"owners":1,"channelCorrect":true},{"cell":53262,"channel":1,"station":50,"owners":1,"channelCorrect":true},{"cell":53263,"channel":1,"station":50,"owners":1,"channelCorrect":true},{"cell":53264,"channel":1,"station":50,"owners":1,"channelCorrect":true},{"cell":53265,"channel":1,"station":50,"owners":1,"channelCorrect":true},{"cell":53266,"channel":1,"station":50,"owners":1,"channelCorrect":true},{"cell":53267,"channel":1,"station":50,"owners":1,"channelCorrect":true},{"cell":53268,"channel":1,"station":50,"owners":1,"channelCorrect":true},{"cell":53269,"channel":1,"station":50,"owners":1,"channelCorrect":true},{"cell":53270,"channel":1,"station":50,"owners":1,"channelCorrect":true},{"cell":53271,"channel":1,"station":50,"owners":1,"channelCorrect":true},{"cell":53272,"channel":1,"station":50,"owners":1,"channelCorrect":true},{"cell":53273,"channel":1,"station":50,"owners":1,"channelCorrect":true},{"cell":53274,"channel":1,"station":50,"owners":1,"channelCorrect":true},{"cell":53499,"channel":1,"station":82,"owners":1,"channelCorrect":true},{"cell":53500,"channel":1,"station":82,"owners":1,"channelCorrect":true},{"cell":53501,"channel":1,"station":82,"owners":1,"channelCorrect":true},{"cell":53508,"channel":1,"station":50,"owners":1,"channelCorrect":true},{"cell":53509,"channel":1,"station":50,"owners":1,"channelCorrect":true},{"cell":53510,"channel":1,"station":50,"owners":1,"channelCorrect":true},{"cell":53511,"channel":1,"station":50,"owners":1,"channelCorrect":true},{"cell":53512,"channel":1,"station":50,"owners":1,"channelCorrect":true},{"cell":53513,"channel":1,"station":50,"owners":1,"channelCorrect":true},{"cell":53514,"channel":1,"station":50,"owners":1,"channelCorrect":true},{"cell":53515,"channel":1,"station":50,"owners":1,"channelCorrect":true},{"cell":53516,"channel":1,"station":50,"owners":1,"channelCorrect":true},{"cell":53517,"channel":1,"station":50,"owners":1,"channelCorrect":true},{"cell":53518,"channel":1,"station":50,"owners":1,"channelCorrect":true},{"cell":53519,"channel":1,"station":50,"owners":1,"channelCorrect":true},{"cell":53520,"channel":1,"station":50,"owners":1,"channelCorrect":true},{"cell":53521,"channel":1,"station":50,"owners":1,"channelCorrect":true},{"cell":53745,"channel":1,"station":82,"owners":1,"channelCorrect":true},{"cell":53746,"channel":1,"station":82,"owners":1,"channelCorrect":true},{"cell":53747,"channel":1,"station":82,"owners":1,"channelCorrect":true},{"cell":53748,"channel":1,"station":82,"owners":1,"channelCorrect":true},{"cell":53749,"channel":1,"station":82,"owners":1,"channelCorrect":true},{"cell":53750,"channel":1,"station":82,"owners":1,"channelCorrect":true},{"cell":53756,"channel":1,"station":50,"owners":1,"channelCorrect":true},{"cell":53757,"channel":1,"station":50,"owners":1,"channelCorrect":true},{"cell":53758,"channel":1,"station":50,"owners":1,"channelCorrect":true},{"cell":53759,"channel":1,"station":50,"owners":1,"channelCorrect":true},{"cell":53760,"channel":1,"station":50,"owners":1,"channelCorrect":true},{"cell":53761,"channel":1,"station":50,"owners":1,"channelCorrect":true},{"cell":53762,"channel":1,"station":50,"owners":1,"channelCorrect":true},{"cell":53763,"channel":1,"station":50,"owners":1,"channelCorrect":true},{"cell":53764,"channel":1,"station":50,"owners":1,"channelCorrect":true},{"cell":53765,"channel":1,"station":50,"owners":1,"channelCorrect":true},{"cell":53766,"channel":1,"station":50,"owners":1,"channelCorrect":true},{"cell":53767,"channel":1,"station":50,"owners":1,"channelCorrect":true},{"cell":53991,"channel":1,"station":82,"owners":1,"channelCorrect":true},{"cell":53992,"channel":1,"station":82,"owners":1,"channelCorrect":true},{"cell":53993,"channel":1,"station":82,"owners":1,"channelCorrect":true},{"cell":53994,"channel":1,"station":82,"owners":1,"channelCorrect":true},{"cell":53995,"channel":1,"station":82,"owners":1,"channelCorrect":true},{"cell":53996,"channel":1,"station":82,"owners":1,"channelCorrect":true},{"cell":53997,"channel":1,"station":82,"owners":1,"channelCorrect":true},{"cell":53998,"channel":1,"station":82,"owners":1,"channelCorrect":true},{"cell":53999,"channel":1,"station":82,"owners":1,"channelCorrect":true},{"cell":54005,"channel":1,"station":50,"owners":1,"channelCorrect":true},{"cell":54006,"channel":1,"station":50,"owners":1,"channelCorrect":true},{"cell":54007,"channel":1,"station":50,"owners":1,"channelCorrect":true},{"cell":54008,"channel":1,"station":50,"owners":1,"channelCorrect":true},{"cell":54009,"channel":1,"station":50,"owners":1,"channelCorrect":true},{"cell":54010,"channel":1,"station":50,"owners":1,"channelCorrect":true},{"cell":54011,"channel":1,"station":50,"owners":1,"channelCorrect":true},{"cell":54012,"channel":1,"station":50,"owners":1,"channelCorrect":true},{"cell":54013,"channel":1,"station":50,"owners":1,"channelCorrect":true},{"cell":54014,"channel":1,"station":50,"owners":1,"channelCorrect":true},{"cell":54237,"channel":1,"station":82,"owners":1,"channelCorrect":true},{"cell":54238,"channel":1,"station":82,"owners":1,"channelCorrect":true},{"cell":54239,"channel":1,"station":82,"owners":1,"channelCorrect":true},{"cell":54240,"channel":1,"station":82,"owners":1,"channelCorrect":true},{"cell":54241,"channel":1,"station":82,"owners":1,"channelCorrect":true},{"cell":54242,"channel":1,"station":82,"owners":1,"channelCorrect":true},{"cell":54243,"channel":1,"station":82,"owners":1,"channelCorrect":true},{"cell":54244,"channel":1,"station":82,"owners":1,"channelCorrect":true},{"cell":54245,"channel":1,"station":82,"owners":1,"channelCorrect":true},{"cell":54246,"channel":1,"station":82,"owners":1,"channelCorrect":true},{"cell":54247,"channel":1,"station":82,"owners":1,"channelCorrect":true},{"cell":54248,"channel":1,"station":82,"owners":1,"channelCorrect":true},{"cell":54253,"channel":1,"station":50,"owners":1,"channelCorrect":true},{"cell":54254,"channel":1,"station":50,"owners":1,"channelCorrect":true},{"cell":54255,"channel":1,"station":50,"owners":1,"channelCorrect":true},{"cell":54256,"channel":1,"station":50,"owners":1,"channelCorrect":true},{"cell":54257,"channel":1,"station":50,"owners":1,"channelCorrect":true},{"cell":54258,"channel":1,"station":50,"owners":1,"channelCorrect":true},{"cell":54259,"channel":1,"station":50,"owners":1,"channelCorrect":true},{"cell":54260,"channel":1,"station":50,"owners":1,"channelCorrect":true},{"cell":54261,"channel":1,"station":50,"owners":1,"channelCorrect":true},{"cell":54483,"channel":1,"station":82,"owners":1,"channelCorrect":true},{"cell":54484,"channel":1,"station":82,"owners":1,"channelCorrect":true},{"cell":54485,"channel":1,"station":82,"owners":1,"channelCorrect":true},{"cell":54486,"channel":1,"station":82,"owners":1,"channelCorrect":true},{"cell":54487,"channel":1,"station":82,"owners":1,"channelCorrect":true},{"cell":54488,"channel":1,"station":82,"owners":1,"channelCorrect":true},{"cell":54489,"channel":1,"station":82,"owners":1,"channelCorrect":true},{"cell":54490,"channel":1,"station":82,"owners":1,"channelCorrect":true},{"cell":54491,"channel":1,"station":82,"owners":1,"channelCorrect":true},{"cell":54492,"channel":1,"station":82,"owners":1,"channelCorrect":true},{"cell":54493,"channel":1,"station":82,"owners":1,"channelCorrect":true},{"cell":54494,"channel":1,"station":82,"owners":1,"channelCorrect":true},{"cell":54495,"channel":1,"station":82,"owners":1,"channelCorrect":true},{"cell":54496,"channel":1,"station":82,"owners":1,"channelCorrect":true},{"cell":54502,"channel":1,"station":50,"owners":1,"channelCorrect":true},{"cell":54503,"channel":1,"station":50,"owners":1,"channelCorrect":true},{"cell":54504,"channel":1,"station":50,"owners":1,"channelCorrect":true},{"cell":54505,"channel":1,"station":50,"owners":1,"channelCorrect":true},{"cell":54506,"channel":1,"station":50,"owners":1,"channelCorrect":true},{"cell":54507,"channel":1,"station":50,"owners":1,"channelCorrect":true},{"cell":54508,"channel":1,"station":50,"owners":1,"channelCorrect":true},{"cell":54729,"channel":1,"station":82,"owners":1,"channelCorrect":true},{"cell":54730,"channel":1,"station":82,"owners":1,"channelCorrect":true},{"cell":54731,"channel":1,"station":82,"owners":1,"channelCorrect":true},{"cell":54732,"channel":1,"station":82,"owners":1,"channelCorrect":true},{"cell":54733,"channel":1,"station":82,"owners":1,"channelCorrect":true},{"cell":54734,"channel":1,"station":82,"owners":1,"channelCorrect":true},{"cell":54735,"channel":1,"station":82,"owners":1,"channelCorrect":true},{"cell":54736,"channel":1,"station":82,"owners":1,"channelCorrect":true},{"cell":54737,"channel":1,"station":82,"owners":1,"channelCorrect":true},{"cell":54738,"channel":1,"station":82,"owners":1,"channelCorrect":true},{"cell":54739,"channel":1,"station":82,"owners":1,"channelCorrect":true},{"cell":54740,"channel":1,"station":82,"owners":1,"channelCorrect":true},{"cell":54741,"channel":1,"station":82,"owners":1,"channelCorrect":true},{"cell":54742,"channel":1,"station":82,"owners":1,"channelCorrect":true},{"cell":54743,"channel":1,"station":82,"owners":1,"channelCorrect":true},{"cell":54744,"channel":1,"station":82,"owners":1,"channelCorrect":true},{"cell":54745,"channel":1,"station":82,"owners":1,"channelCorrect":true},{"cell":54750,"channel":1,"station":50,"owners":1,"channelCorrect":true},{"cell":54751,"channel":1,"station":50,"owners":1,"channelCorrect":true},{"cell":54752,"channel":1,"station":50,"owners":1,"channelCorrect":true},{"cell":54753,"channel":1,"station":50,"owners":1,"channelCorrect":true},{"cell":54754,"channel":1,"station":50,"owners":1,"channelCorrect":true},{"cell":54978,"channel":1,"station":82,"owners":1,"channelCorrect":true},{"cell":54979,"channel":1,"station":82,"owners":1,"channelCorrect":true},{"cell":54980,"channel":1,"station":82,"owners":1,"channelCorrect":true},{"cell":54981,"channel":1,"station":82,"owners":1,"channelCorrect":true},{"cell":54982,"channel":1,"station":82,"owners":1,"channelCorrect":true},{"cell":54983,"channel":1,"station":82,"owners":1,"channelCorrect":true},{"cell":54984,"channel":1,"station":82,"owners":1,"channelCorrect":true},{"cell":54985,"channel":1,"station":82,"owners":1,"channelCorrect":true},{"cell":54986,"channel":1,"station":82,"owners":1,"channelCorrect":true},{"cell":54987,"channel":1,"station":82,"owners":1,"channelCorrect":true},{"cell":54988,"channel":1,"station":82,"owners":1,"channelCorrect":true},{"cell":54989,"channel":1,"station":82,"owners":1,"channelCorrect":true},{"cell":54990,"channel":1,"station":82,"owners":1,"channelCorrect":true},{"cell":54991,"channel":1,"station":82,"owners":1,"channelCorrect":true},{"cell":54992,"channel":1,"station":82,"owners":1,"channelCorrect":true},{"cell":54993,"channel":1,"station":82,"owners":1,"channelCorrect":true},{"cell":54994,"channel":1,"station":82,"owners":1,"channelCorrect":true},{"cell":54999,"channel":1,"station":50,"owners":1,"channelCorrect":true},{"cell":55000,"channel":1,"station":50,"owners":1,"channelCorrect":true},{"cell":55001,"channel":1,"station":50,"owners":1,"channelCorrect":true},{"cell":55198,"channel":2,"station":148,"owners":1,"channelCorrect":true},{"cell":55226,"channel":1,"station":82,"owners":1,"channelCorrect":true},{"cell":55227,"channel":1,"station":82,"owners":1,"channelCorrect":true},{"cell":55228,"channel":1,"station":82,"owners":1,"channelCorrect":true},{"cell":55229,"channel":1,"station":82,"owners":1,"channelCorrect":true},{"cell":55230,"channel":1,"station":82,"owners":1,"channelCorrect":true},{"cell":55231,"channel":1,"station":82,"owners":1,"channelCorrect":true},{"cell":55232,"channel":1,"station":82,"owners":1,"channelCorrect":true},{"cell":55233,"channel":1,"station":82,"owners":1,"channelCorrect":true},{"cell":55234,"channel":1,"station":82,"owners":1,"channelCorrect":true},{"cell":55235,"channel":1,"station":82,"owners":1,"channelCorrect":true},{"cell":55236,"channel":1,"station":82,"owners":1,"channelCorrect":true},{"cell":55237,"channel":1,"station":82,"owners":1,"channelCorrect":true},{"cell":55238,"channel":1,"station":82,"owners":1,"channelCorrect":true},{"cell":55239,"channel":1,"station":82,"owners":1,"channelCorrect":true},{"cell":55240,"channel":1,"station":82,"owners":1,"channelCorrect":true},{"cell":55241,"channel":1,"station":82,"owners":1,"channelCorrect":true},{"cell":55242,"channel":1,"station":82,"owners":1,"channelCorrect":true},{"cell":55243,"channel":1,"station":82,"owners":1,"channelCorrect":true},{"cell":55247,"channel":1,"station":50,"owners":1,"channelCorrect":true},{"cell":55248,"channel":1,"station":50,"owners":1,"channelCorrect":true},{"cell":55447,"channel":2,"station":148,"owners":1,"channelCorrect":true},{"cell":55451,"channel":2,"station":114,"owners":1,"channelCorrect":true},{"cell":55465,"channel":1,"station":118,"owners":1,"channelCorrect":true},{"cell":55466,"channel":1,"station":118,"owners":1,"channelCorrect":true},{"cell":55474,"channel":1,"station":82,"owners":1,"channelCorrect":true},{"cell":55475,"channel":1,"station":82,"owners":1,"channelCorrect":true},{"cell":55476,"channel":1,"station":82,"owners":1,"channelCorrect":true},{"cell":55477,"channel":1,"station":82,"owners":1,"channelCorrect":true},{"cell":55478,"channel":1,"station":82,"owners":1,"channelCorrect":true},{"cell":55479,"channel":1,"station":82,"owners":1,"channelCorrect":true},{"cell":55480,"channel":1,"station":82,"owners":1,"channelCorrect":true},{"cell":55481,"channel":1,"station":82,"owners":1,"channelCorrect":true},{"cell":55482,"channel":1,"station":82,"owners":1,"channelCorrect":true},{"cell":55483,"channel":1,"station":82,"owners":1,"channelCorrect":true},{"cell":55484,"channel":1,"station":82,"owners":1,"channelCorrect":true},{"cell":55485,"channel":1,"station":82,"owners":1,"channelCorrect":true},{"cell":55486,"channel":1,"station":82,"owners":1,"channelCorrect":true},{"cell":55487,"channel":1,"station":82,"owners":1,"channelCorrect":true},{"cell":55488,"channel":1,"station":82,"owners":1,"channelCorrect":true},{"cell":55489,"channel":1,"station":82,"owners":1,"channelCorrect":true},{"cell":55490,"channel":1,"station":82,"owners":1,"channelCorrect":true},{"cell":55491,"channel":1,"station":82,"owners":1,"channelCorrect":true},{"cell":55492,"channel":1,"station":82,"owners":1,"channelCorrect":true},{"cell":55695,"channel":2,"station":148,"owners":1,"channelCorrect":true},{"cell":55701,"channel":1,"station":118,"owners":1,"channelCorrect":true},{"cell":55702,"channel":1,"station":118,"owners":1,"channelCorrect":true},{"cell":55710,"channel":1,"station":118,"owners":1,"channelCorrect":true},{"cell":55711,"channel":1,"station":118,"owners":1,"channelCorrect":true},{"cell":55712,"channel":1,"station":118,"owners":1,"channelCorrect":true},{"cell":55713,"channel":1,"station":118,"owners":1,"channelCorrect":true},{"cell":55714,"channel":1,"station":118,"owners":1,"channelCorrect":true},{"cell":55715,"channel":1,"station":118,"owners":1,"channelCorrect":true},{"cell":55722,"channel":1,"station":82,"owners":1,"channelCorrect":true},{"cell":55723,"channel":1,"station":82,"owners":1,"channelCorrect":true},{"cell":55724,"channel":1,"station":82,"owners":1,"channelCorrect":true},{"cell":55725,"channel":1,"station":82,"owners":1,"channelCorrect":true},{"cell":55726,"channel":1,"station":82,"owners":1,"channelCorrect":true},{"cell":55727,"channel":1,"station":82,"owners":1,"channelCorrect":true},{"cell":55728,"channel":1,"station":82,"owners":1,"channelCorrect":true},{"cell":55729,"channel":1,"station":82,"owners":1,"channelCorrect":true},{"cell":55730,"channel":1,"station":82,"owners":1,"channelCorrect":true},{"cell":55731,"channel":1,"station":82,"owners":1,"channelCorrect":true},{"cell":55732,"channel":1,"station":82,"owners":1,"channelCorrect":true},{"cell":55733,"channel":1,"station":82,"owners":1,"channelCorrect":true},{"cell":55734,"channel":1,"station":82,"owners":1,"channelCorrect":true},{"cell":55735,"channel":1,"station":82,"owners":1,"channelCorrect":true},{"cell":55736,"channel":1,"station":82,"owners":1,"channelCorrect":true},{"cell":55737,"channel":1,"station":82,"owners":1,"channelCorrect":true},{"cell":55738,"channel":1,"station":82,"owners":1,"channelCorrect":true},{"cell":55741,"channel":1,"station":82,"owners":1,"channelCorrect":true},{"cell":55950,"channel":1,"station":118,"owners":1,"channelCorrect":true},{"cell":55955,"channel":1,"station":118,"owners":1,"channelCorrect":true},{"cell":55956,"channel":1,"station":118,"owners":1,"channelCorrect":true},{"cell":55957,"channel":1,"station":118,"owners":1,"channelCorrect":true},{"cell":55958,"channel":1,"station":118,"owners":1,"channelCorrect":true},{"cell":55959,"channel":1,"station":118,"owners":1,"channelCorrect":true},{"cell":55960,"channel":1,"station":118,"owners":1,"channelCorrect":true},{"cell":55961,"channel":1,"station":118,"owners":1,"channelCorrect":true},{"cell":55962,"channel":1,"station":118,"owners":1,"channelCorrect":true},{"cell":55963,"channel":1,"station":118,"owners":1,"channelCorrect":true},{"cell":55971,"channel":1,"station":82,"owners":1,"channelCorrect":true},{"cell":55972,"channel":1,"station":82,"owners":1,"channelCorrect":true},{"cell":55973,"channel":1,"station":82,"owners":1,"channelCorrect":true},{"cell":55974,"channel":1,"station":82,"owners":1,"channelCorrect":true},{"cell":55975,"channel":1,"station":82,"owners":1,"channelCorrect":true},{"cell":55976,"channel":1,"station":82,"owners":1,"channelCorrect":true},{"cell":55977,"channel":1,"station":82,"owners":1,"channelCorrect":true},{"cell":55978,"channel":1,"station":82,"owners":1,"channelCorrect":true},{"cell":55979,"channel":1,"station":82,"owners":1,"channelCorrect":true},{"cell":55980,"channel":1,"station":82,"owners":1,"channelCorrect":true},{"cell":55981,"channel":1,"station":82,"owners":1,"channelCorrect":true},{"cell":55982,"channel":1,"station":82,"owners":1,"channelCorrect":true},{"cell":55983,"channel":1,"station":82,"owners":1,"channelCorrect":true},{"cell":55984,"channel":1,"station":82,"owners":1,"channelCorrect":true},{"cell":56198,"channel":1,"station":118,"owners":1,"channelCorrect":true},{"cell":56200,"channel":1,"station":118,"owners":1,"channelCorrect":true},{"cell":56201,"channel":1,"station":118,"owners":1,"channelCorrect":true},{"cell":56202,"channel":1,"station":118,"owners":1,"channelCorrect":true},{"cell":56203,"channel":1,"station":118,"owners":1,"channelCorrect":true},{"cell":56204,"channel":1,"station":118,"owners":1,"channelCorrect":true},{"cell":56205,"channel":1,"station":118,"owners":1,"channelCorrect":true},{"cell":56206,"channel":1,"station":118,"owners":1,"channelCorrect":true},{"cell":56207,"channel":1,"station":118,"owners":1,"channelCorrect":true},{"cell":56208,"channel":1,"station":118,"owners":1,"channelCorrect":true},{"cell":56209,"channel":1,"station":118,"owners":1,"channelCorrect":true},{"cell":56210,"channel":1,"station":118,"owners":1,"channelCorrect":true},{"cell":56211,"channel":1,"station":118,"owners":1,"channelCorrect":true},{"cell":56212,"channel":1,"station":118,"owners":1,"channelCorrect":true},{"cell":56219,"channel":1,"station":82,"owners":1,"channelCorrect":true},{"cell":56220,"channel":1,"station":82,"owners":1,"channelCorrect":true},{"cell":56221,"channel":1,"station":82,"owners":1,"channelCorrect":true},{"cell":56222,"channel":1,"station":82,"owners":1,"channelCorrect":true},{"cell":56223,"channel":1,"station":82,"owners":1,"channelCorrect":true},{"cell":56224,"channel":1,"station":82,"owners":1,"channelCorrect":true},{"cell":56225,"channel":1,"station":82,"owners":1,"channelCorrect":true},{"cell":56226,"channel":1,"station":82,"owners":1,"channelCorrect":true},{"cell":56227,"channel":1,"station":82,"owners":1,"channelCorrect":true},{"cell":56228,"channel":1,"station":82,"owners":1,"channelCorrect":true},{"cell":56229,"channel":1,"station":82,"owners":1,"channelCorrect":true},{"cell":56230,"channel":1,"station":82,"owners":1,"channelCorrect":true},{"cell":56231,"channel":1,"station":82,"owners":1,"channelCorrect":true},{"cell":56446,"channel":1,"station":118,"owners":1,"channelCorrect":true},{"cell":56447,"channel":1,"station":118,"owners":1,"channelCorrect":true},{"cell":56448,"channel":1,"station":118,"owners":1,"channelCorrect":true},{"cell":56449,"channel":1,"station":118,"owners":1,"channelCorrect":true},{"cell":56450,"channel":1,"station":118,"owners":1,"channelCorrect":true},{"cell":56451,"channel":1,"station":118,"owners":1,"channelCorrect":true},{"cell":56452,"channel":1,"station":118,"owners":1,"channelCorrect":true},{"cell":56453,"channel":1,"station":118,"owners":1,"channelCorrect":true},{"cell":56454,"channel":1,"station":118,"owners":1,"channelCorrect":true},{"cell":56455,"channel":1,"station":118,"owners":1,"channelCorrect":true},{"cell":56456,"channel":1,"station":118,"owners":1,"channelCorrect":true},{"cell":56457,"channel":1,"station":118,"owners":1,"channelCorrect":true},{"cell":56458,"channel":1,"station":118,"owners":1,"channelCorrect":true},{"cell":56459,"channel":1,"station":118,"owners":1,"channelCorrect":true},{"cell":56460,"channel":1,"station":118,"owners":1,"channelCorrect":true},{"cell":56461,"channel":1,"station":118,"owners":1,"channelCorrect":true},{"cell":56467,"channel":1,"station":82,"owners":1,"channelCorrect":true},{"cell":56468,"channel":1,"station":82,"owners":1,"channelCorrect":true},{"cell":56469,"channel":1,"station":82,"owners":1,"channelCorrect":true},{"cell":56470,"channel":1,"station":82,"owners":1,"channelCorrect":true},{"cell":56471,"channel":1,"station":82,"owners":1,"channelCorrect":true},{"cell":56472,"channel":1,"station":82,"owners":1,"channelCorrect":true},{"cell":56473,"channel":1,"station":82,"owners":1,"channelCorrect":true},{"cell":56474,"channel":1,"station":82,"owners":1,"channelCorrect":true},{"cell":56475,"channel":1,"station":82,"owners":1,"channelCorrect":true},{"cell":56476,"channel":1,"station":82,"owners":1,"channelCorrect":true},{"cell":56477,"channel":1,"station":82,"owners":1,"channelCorrect":true},{"cell":56694,"channel":1,"station":118,"owners":1,"channelCorrect":true},{"cell":56695,"channel":1,"station":118,"owners":1,"channelCorrect":true},{"cell":56696,"channel":1,"station":118,"owners":1,"channelCorrect":true},{"cell":56697,"channel":1,"station":118,"owners":1,"channelCorrect":true},{"cell":56698,"channel":1,"station":118,"owners":1,"channelCorrect":true},{"cell":56699,"channel":1,"station":118,"owners":1,"channelCorrect":true},{"cell":56700,"channel":1,"station":118,"owners":1,"channelCorrect":true},{"cell":56701,"channel":1,"station":118,"owners":1,"channelCorrect":true},{"cell":56702,"channel":1,"station":118,"owners":1,"channelCorrect":true},{"cell":56703,"channel":1,"station":118,"owners":1,"channelCorrect":true},{"cell":56704,"channel":1,"station":118,"owners":1,"channelCorrect":true},{"cell":56705,"channel":1,"station":118,"owners":1,"channelCorrect":true},{"cell":56706,"channel":1,"station":118,"owners":1,"channelCorrect":true},{"cell":56707,"channel":1,"station":118,"owners":1,"channelCorrect":true},{"cell":56708,"channel":1,"station":118,"owners":1,"channelCorrect":true},{"cell":56709,"channel":1,"station":118,"owners":1,"channelCorrect":true},{"cell":56715,"channel":1,"station":82,"owners":1,"channelCorrect":true},{"cell":56716,"channel":1,"station":82,"owners":1,"channelCorrect":true},{"cell":56717,"channel":1,"station":82,"owners":1,"channelCorrect":true},{"cell":56718,"channel":1,"station":82,"owners":1,"channelCorrect":true},{"cell":56719,"channel":1,"station":82,"owners":1,"channelCorrect":true},{"cell":56720,"channel":1,"station":82,"owners":1,"channelCorrect":true},{"cell":56721,"channel":1,"station":82,"owners":1,"channelCorrect":true},{"cell":56722,"channel":1,"station":82,"owners":1,"channelCorrect":true},{"cell":56942,"channel":1,"station":118,"owners":1,"channelCorrect":true},{"cell":56943,"channel":1,"station":118,"owners":1,"channelCorrect":true},{"cell":56944,"channel":1,"station":118,"owners":1,"channelCorrect":true},{"cell":56945,"channel":1,"station":118,"owners":1,"channelCorrect":true},{"cell":56946,"channel":1,"station":118,"owners":1,"channelCorrect":true},{"cell":56947,"channel":1,"station":118,"owners":1,"channelCorrect":true},{"cell":56948,"channel":1,"station":118,"owners":1,"channelCorrect":true},{"cell":56949,"channel":1,"station":118,"owners":1,"channelCorrect":true},{"cell":56950,"channel":1,"station":118,"owners":1,"channelCorrect":true},{"cell":56951,"channel":1,"station":118,"owners":1,"channelCorrect":true},{"cell":56952,"channel":1,"station":118,"owners":1,"channelCorrect":true},{"cell":56953,"channel":1,"station":118,"owners":1,"channelCorrect":true},{"cell":56954,"channel":1,"station":118,"owners":1,"channelCorrect":true},{"cell":56955,"channel":1,"station":118,"owners":1,"channelCorrect":true},{"cell":56956,"channel":1,"station":118,"owners":1,"channelCorrect":true},{"cell":56957,"channel":1,"station":118,"owners":1,"channelCorrect":true},{"cell":56958,"channel":1,"station":118,"owners":1,"channelCorrect":true},{"cell":56964,"channel":1,"station":82,"owners":1,"channelCorrect":true},{"cell":56965,"channel":1,"station":82,"owners":1,"channelCorrect":true},{"cell":56966,"channel":1,"station":82,"owners":1,"channelCorrect":true},{"cell":56967,"channel":1,"station":82,"owners":1,"channelCorrect":true},{"cell":56968,"channel":1,"station":82,"owners":1,"channelCorrect":true},{"cell":57190,"channel":1,"station":118,"owners":1,"channelCorrect":true},{"cell":57191,"channel":1,"station":118,"owners":1,"channelCorrect":true},{"cell":57192,"channel":1,"station":118,"owners":1,"channelCorrect":true},{"cell":57193,"channel":1,"station":118,"owners":1,"channelCorrect":true},{"cell":57194,"channel":1,"station":118,"owners":1,"channelCorrect":true},{"cell":57195,"channel":1,"station":118,"owners":1,"channelCorrect":true},{"cell":57196,"channel":1,"station":118,"owners":1,"channelCorrect":true},{"cell":57197,"channel":1,"station":118,"owners":1,"channelCorrect":true},{"cell":57198,"channel":1,"station":118,"owners":1,"channelCorrect":true},{"cell":57199,"channel":1,"station":118,"owners":1,"channelCorrect":true},{"cell":57200,"channel":1,"station":118,"owners":1,"channelCorrect":true},{"cell":57201,"channel":1,"station":118,"owners":1,"channelCorrect":true},{"cell":57202,"channel":1,"station":118,"owners":1,"channelCorrect":true},{"cell":57203,"channel":1,"station":118,"owners":1,"channelCorrect":true},{"cell":57204,"channel":1,"station":118,"owners":1,"channelCorrect":true},{"cell":57205,"channel":1,"station":118,"owners":1,"channelCorrect":true},{"cell":57206,"channel":1,"station":118,"owners":1,"channelCorrect":true},{"cell":57207,"channel":1,"station":118,"owners":1,"channelCorrect":true},{"cell":57212,"channel":1,"station":82,"owners":1,"channelCorrect":true},{"cell":57213,"channel":1,"station":82,"owners":1,"channelCorrect":true},{"cell":57214,"channel":1,"station":82,"owners":1,"channelCorrect":true},{"cell":57438,"channel":1,"station":118,"owners":1,"channelCorrect":true},{"cell":57439,"channel":1,"station":118,"owners":1,"channelCorrect":true},{"cell":57440,"channel":1,"station":118,"owners":1,"channelCorrect":true},{"cell":57441,"channel":1,"station":118,"owners":1,"channelCorrect":true},{"cell":57442,"channel":1,"station":118,"owners":1,"channelCorrect":true},{"cell":57443,"channel":1,"station":118,"owners":1,"channelCorrect":true},{"cell":57444,"channel":1,"station":118,"owners":1,"channelCorrect":true},{"cell":57445,"channel":1,"station":118,"owners":1,"channelCorrect":true},{"cell":57446,"channel":1,"station":118,"owners":1,"channelCorrect":true},{"cell":57447,"channel":1,"station":118,"owners":1,"channelCorrect":true},{"cell":57448,"channel":1,"station":118,"owners":1,"channelCorrect":true},{"cell":57449,"channel":1,"station":118,"owners":1,"channelCorrect":true},{"cell":57450,"channel":1,"station":118,"owners":1,"channelCorrect":true},{"cell":57451,"channel":1,"station":118,"owners":1,"channelCorrect":true},{"cell":57452,"channel":1,"station":118,"owners":1,"channelCorrect":true},{"cell":57453,"channel":1,"station":118,"owners":1,"channelCorrect":true},{"cell":57454,"channel":1,"station":118,"owners":1,"channelCorrect":true},{"cell":57455,"channel":1,"station":118,"owners":1,"channelCorrect":true},{"cell":57686,"channel":1,"station":118,"owners":1,"channelCorrect":true},{"cell":57687,"channel":1,"station":118,"owners":1,"channelCorrect":true},{"cell":57688,"channel":1,"station":118,"owners":1,"channelCorrect":true},{"cell":57689,"channel":1,"station":118,"owners":1,"channelCorrect":true},{"cell":57690,"channel":1,"station":118,"owners":1,"channelCorrect":true},{"cell":57691,"channel":1,"station":118,"owners":1,"channelCorrect":true},{"cell":57692,"channel":1,"station":118,"owners":1,"channelCorrect":true},{"cell":57693,"channel":1,"station":118,"owners":1,"channelCorrect":true},{"cell":57694,"channel":1,"station":118,"owners":1,"channelCorrect":true},{"cell":57695,"channel":1,"station":118,"owners":1,"channelCorrect":true},{"cell":57696,"channel":1,"station":118,"owners":1,"channelCorrect":true},{"cell":57697,"channel":1,"station":118,"owners":1,"channelCorrect":true},{"cell":57698,"channel":1,"station":118,"owners":1,"channelCorrect":true},{"cell":57699,"channel":1,"station":118,"owners":1,"channelCorrect":true},{"cell":57700,"channel":1,"station":118,"owners":1,"channelCorrect":true},{"cell":57701,"channel":1,"station":118,"owners":1,"channelCorrect":true},{"cell":57702,"channel":1,"station":118,"owners":1,"channelCorrect":true},{"cell":57703,"channel":1,"station":118,"owners":1,"channelCorrect":true},{"cell":57934,"channel":1,"station":118,"owners":1,"channelCorrect":true},{"cell":57935,"channel":1,"station":118,"owners":1,"channelCorrect":true},{"cell":57936,"channel":1,"station":118,"owners":1,"channelCorrect":true},{"cell":57937,"channel":1,"station":118,"owners":1,"channelCorrect":true},{"cell":57938,"channel":1,"station":118,"owners":1,"channelCorrect":true},{"cell":57939,"channel":1,"station":118,"owners":1,"channelCorrect":true},{"cell":57940,"channel":1,"station":118,"owners":1,"channelCorrect":true},{"cell":57941,"channel":1,"station":118,"owners":1,"channelCorrect":true},{"cell":57942,"channel":1,"station":118,"owners":1,"channelCorrect":true},{"cell":57943,"channel":1,"station":118,"owners":1,"channelCorrect":true},{"cell":57944,"channel":1,"station":118,"owners":1,"channelCorrect":true},{"cell":57945,"channel":1,"station":118,"owners":1,"channelCorrect":true},{"cell":57946,"channel":1,"station":118,"owners":1,"channelCorrect":true},{"cell":57947,"channel":1,"station":118,"owners":1,"channelCorrect":true},{"cell":57948,"channel":1,"station":118,"owners":1,"channelCorrect":true},{"cell":57949,"channel":1,"station":118,"owners":1,"channelCorrect":true},{"cell":58182,"channel":1,"station":118,"owners":1,"channelCorrect":true},{"cell":58183,"channel":1,"station":118,"owners":1,"channelCorrect":true},{"cell":58184,"channel":1,"station":118,"owners":1,"channelCorrect":true},{"cell":58185,"channel":1,"station":118,"owners":1,"channelCorrect":true},{"cell":58186,"channel":1,"station":118,"owners":1,"channelCorrect":true},{"cell":58187,"channel":1,"station":118,"owners":1,"channelCorrect":true},{"cell":58188,"channel":1,"station":118,"owners":1,"channelCorrect":true},{"cell":58189,"channel":1,"station":118,"owners":1,"channelCorrect":true},{"cell":58190,"channel":1,"station":118,"owners":1,"channelCorrect":true},{"cell":58191,"channel":1,"station":118,"owners":1,"channelCorrect":true},{"cell":58192,"channel":1,"station":118,"owners":1,"channelCorrect":true},{"cell":58193,"channel":1,"station":118,"owners":1,"channelCorrect":true},{"cell":58194,"channel":1,"station":118,"owners":1,"channelCorrect":true},{"cell":58430,"channel":1,"station":118,"owners":1,"channelCorrect":true},{"cell":58431,"channel":1,"station":118,"owners":1,"channelCorrect":true},{"cell":58432,"channel":1,"station":118,"owners":1,"channelCorrect":true},{"cell":58433,"channel":1,"station":118,"owners":1,"channelCorrect":true},{"cell":58434,"channel":1,"station":118,"owners":1,"channelCorrect":true},{"cell":58435,"channel":1,"station":118,"owners":1,"channelCorrect":true},{"cell":58436,"channel":1,"station":118,"owners":1,"channelCorrect":true},{"cell":58437,"channel":1,"station":118,"owners":1,"channelCorrect":true},{"cell":58438,"channel":1,"station":118,"owners":1,"channelCorrect":true},{"cell":58439,"channel":1,"station":118,"owners":1,"channelCorrect":true},{"cell":58441,"channel":1,"station":118,"owners":1,"channelCorrect":true},{"cell":58678,"channel":1,"station":118,"owners":1,"channelCorrect":true},{"cell":58679,"channel":1,"station":118,"owners":1,"channelCorrect":true},{"cell":58680,"channel":1,"station":118,"owners":1,"channelCorrect":true},{"cell":58681,"channel":1,"station":118,"owners":1,"channelCorrect":true},{"cell":58682,"channel":1,"station":118,"owners":1,"channelCorrect":true},{"cell":58683,"channel":1,"station":118,"owners":1,"channelCorrect":true},{"cell":58684,"channel":1,"station":118,"owners":1,"channelCorrect":true},{"cell":58686,"channel":1,"station":118,"owners":1,"channelCorrect":true},{"cell":58926,"channel":1,"station":118,"owners":1,"channelCorrect":true},{"cell":58927,"channel":1,"station":118,"owners":1,"channelCorrect":true},{"cell":58928,"channel":1,"station":118,"owners":1,"channelCorrect":true},{"cell":58929,"channel":1,"station":118,"owners":1,"channelCorrect":true}],"rampWindowFaces":7180,"rampWindowBaseFaces":6382,"rampWindowCrossingFaces":6382,"rampWindowFacesPreserved":true,"rampWindowFaceOwnership":true,"overlapCells":78,"overlapOwnership":true,"retainedFloors":5997,"floorsPreserved":true,"noRampRegions":true,"flight":{"peak":8.610841268221668,"highFrames":120,"fallFrames":78,"clearance":999989.9796822248,"preserved":true,"centered":true,"landed":true},"transitions":[{"name":"basement carry exit","before":{"mode":"birds-eye","player":true,"mix":1,"fade":1,"rock":1,"eyeY":19.5,"ceiling":-8.25,"markers":4,"cuts":[-8.310000000000002]},"after":{"mode":"orbit","player":true,"mix":0,"fade":1,"rock":1,"eyeY":19.5,"ceiling":-8.25,"markers":0,"cuts":[-8.310000000000002]},"immediate":0,"immediateFade":0,"mixStep":0.03845310945902658,"fadeStep":0,"cutStep":0,"fadeError":1,"rockError":0,"capError":2.746582001833531e-7,"span":0,"changed":0,"direction":true,"blended":0,"withoutPlayer":0,"maxRegions":0},{"name":"basement partial entry","before":{"mode":"orbit","player":true,"mix":0,"fade":1,"rock":1,"eyeY":19.5,"ceiling":-8.25,"markers":0,"cuts":[-8.310000000000002]},"after":{"mode":"birds-eye","player":true,"mix":0.2257624032771961,"fade":1,"rock":1,"eyeY":19.5,"ceiling":-8.25,"markers":0,"cuts":[-8.310000000000002]},"immediate":0,"immediateFade":0,"mixStep":0.0319796355299313,"fadeStep":0,"cutStep":0,"fadeError":0.9980613294222762,"rockError":0,"capError":2.746582001833531e-7,"span":0,"changed":0,"direction":true,"blended":0,"withoutPlayer":0,"maxRegions":0},{"name":"basement entry reversal","before":{"mode":"birds-eye","player":true,"mix":0.2257624032771961,"fade":1,"rock":1,"eyeY":19.5,"ceiling":-8.25,"markers":0,"cuts":[-8.310000000000002]},"after":{"mode":"orbit","player":true,"mix":0,"fade":1,"rock":1,"eyeY":19.5,"ceiling":-8.25,"markers":0,"cuts":[-8.310000000000002]},"immediate":0,"immediateFade":0,"mixStep":0.008681266404950927,"fadeStep":0,"cutStep":0,"fadeError":1,"rockError":0,"capError":2.746582001833531e-7,"span":0,"changed":0,"direction":true,"blended":0,"withoutPlayer":0,"maxRegions":0},{"name":"basement carry entry","before":{"mode":"orbit","player":true,"mix":0,"fade":1,"rock":1,"eyeY":19.5,"ceiling":-8.25,"markers":0,"cuts":[-8.310000000000002]},"after":{"mode":"birds-eye","player":true,"mix":1,"fade":1,"rock":1,"eyeY":19.5,"ceiling":-8.25,"markers":4,"cuts":[-8.310000000000002]},"immediate":0,"immediateFade":0,"mixStep":0.038453109459026635,"fadeStep":0,"cutStep":0,"fadeError":0.9980613294222762,"rockError":0,"capError":2.746582001833531e-7,"span":0,"changed":0,"direction":true,"blended":0,"withoutPlayer":0,"maxRegions":0},{"name":"basement shoulder exit","before":{"mode":"birds-eye","player":true,"mix":1,"fade":1,"rock":1,"eyeY":19.5,"ceiling":-8.25,"markers":4,"cuts":[-8.310000000000002]},"after":{"mode":"shoulder","player":true,"mix":0,"fade":1,"rock":1,"eyeY":-7.9476992202538455,"ceiling":-8.25,"markers":0,"cuts":[-8.310000000000002]},"immediate":0,"immediateFade":0,"mixStep":0.049014234157437664,"fadeStep":0,"cutStep":0,"fadeError":1,"rockError":0,"capError":2.746582001833531e-7,"span":0,"changed":0,"direction":true,"blended":0,"withoutPlayer":0,"maxRegions":0},{"name":"basement shoulder entry","before":{"mode":"shoulder","player":true,"mix":0,"fade":1,"rock":1,"eyeY":-7.9476992202538455,"ceiling":-8.25,"markers":0,"cuts":[-8.310000000000002]},"after":{"mode":"birds-eye","player":true,"mix":1,"fade":1,"rock":1,"eyeY":8.500000000000002,"ceiling":-8.25,"markers":4,"cuts":[-8.310000000000002]},"immediate":0,"immediateFade":0,"mixStep":0.038453109459026635,"fadeStep":0,"cutStep":0,"fadeError":0.9980613294222762,"rockError":0,"capError":2.746582001833531e-7,"span":0,"changed":0,"direction":true,"blended":0,"withoutPlayer":0,"maxRegions":0},{"name":"cave roof exit","before":{"mode":"birds-eye","player":true,"mix":1,"fade":1,"rock":1,"eyeY":21,"ceiling":-8.25,"markers":4,"cuts":[2.8499999999999996,2.8499999999999996,2.8499999999999996,2.8499999999999996]},"after":{"mode":"orbit","player":true,"mix":0,"fade":0,"rock":0,"eyeY":21,"ceiling":-8.25,"markers":0,"cuts":[]},"immediate":0,"immediateFade":0,"mixStep":0.03845310945902658,"fadeStep":0.03845310945902658,"cutStep":0.5056583893862001,"fadeError":0,"rockError":0,"capError":0,"span":13.099012963805864,"changed":38,"direction":true,"blended":38,"withoutPlayer":0,"maxRegions":4},{"name":"cave roof entry","before":{"mode":"orbit","player":true,"mix":0,"fade":0,"rock":0,"eyeY":21,"ceiling":-8.25,"markers":0,"cuts":[]},"after":{"mode":"birds-eye","player":true,"mix":1,"fade":1,"rock":1,"eyeY":21,"ceiling":-8.25,"markers":4,"cuts":[2.8499999999999996,2.8499999999999996,2.8499999999999996,2.8499999999999996]},"immediate":0,"immediateFade":0,"mixStep":0.038453109459026635,"fadeStep":0.038453109459026635,"cutStep":0.5056583893862001,"fadeError":0,"rockError":0,"capError":0,"span":13.124506481902932,"changed":38,"direction":true,"blended":38,"withoutPlayer":0,"maxRegions":4}],"carryRoofs":{"out":true,"in":true,"settled":true,"hiddenMarkers":true},"released":{"name":"basement actor release","before":{"mode":"birds-eye","player":true,"mix":1,"fade":1,"rock":1,"eyeY":8.500000000000002,"ceiling":-8.25,"markers":4,"cuts":[-8.310000000000002]},"after":{"mode":"detached","player":false,"mix":0,"fade":0,"rock":0,"eyeY":8.499999980000002,"ceiling":-8.25,"markers":0,"cuts":[]},"immediate":0,"immediateFade":0,"mixStep":1,"fadeStep":0.05555555555555558,"cutStep":1.3505555555555588,"fadeError":0.9444444444444444,"rockError":0,"capError":4.102918813586598e-7,"span":21.6088888888889,"changed":17,"direction":true,"blended":17,"withoutPlayer":17,"maxRegions":0},"restored":true,"immutable":true,"landmarks":[[0,0],[0,0],[0,0]],"cache":[{"solidBuilds":697,"detailBuilds":699,"cacheEntries":16,"faces":3487},{"solidBuilds":82,"detailBuilds":0,"cacheEntries":8,"faces":186},{"solidBuilds":160,"detailBuilds":0,"cacheEntries":8,"faces":66},{"solidBuilds":53,"detailBuilds":66,"cacheEntries":16,"faces":162},{"solidBuilds":53,"detailBuilds":66,"cacheEntries":16,"faces":165},{"solidBuilds":53,"detailBuilds":66,"cacheEntries":16,"faces":158},{"solidBuilds":53,"detailBuilds":66,"cacheEntries":16,"faces":16}],"regionStorage":true,"sections":3,"caves":4,"clouds":94,"weather":64,"weatherPreserved":true}
CHECK PASS birds-eye combat: the pile, HQ hearth and basement center align on screen at every selected floor despite their different elevations [{"name":"surface","centerError":0,"orthoMix":1},{"name":"hill","centerError":0,"orthoMix":1},{"name":"cave","centerError":0,"orthoMix":1},{"name":"HQ","centerError":0,"orthoMix":1},{"name":"basement","centerError":0,"orthoMix":1}]
CHECK PASS birds-eye combat: cave roofs, underground cuts and weather follow the full camera blend through carry and shoulder handoffs, including reversal without a reset [{"name":"basement carry exit","before":{"mode":"birds-eye","player":true,"mix":1,"fade":1,"rock":1,"eyeY":19.5,"ceiling":-8.25,"markers":4,"cuts":[-8.310000000000002]},"after":{"mode":"orbit","player":true,"mix":0,"fade":1,"rock":1,"eyeY":19.5,"ceiling":-8.25,"markers":0,"cuts":[-8.310000000000002]},"immediate":0,"immediateFade":0,"mixStep":0.03845310945902658,"fadeStep":0,"cutStep":0,"fadeError":1,"rockError":0,"capError":2.746582001833531e-7,"span":0,"changed":0,"direction":true,"blended":0,"withoutPlayer":0,"maxRegions":0},{"name":"basement partial entry","before":{"mode":"orbit","player":true,"mix":0,"fade":1,"rock":1,"eyeY":19.5,"ceiling":-8.25,"markers":0,"cuts":[-8.310000000000002]},"after":{"mode":"birds-eye","player":true,"mix":0.2257624032771961,"fade":1,"rock":1,"eyeY":19.5,"ceiling":-8.25,"markers":0,"cuts":[-8.310000000000002]},"immediate":0,"immediateFade":0,"mixStep":0.0319796355299313,"fadeStep":0,"cutStep":0,"fadeError":0.9980613294222762,"rockError":0,"capError":2.746582001833531e-7,"span":0,"changed":0,"direction":true,"blended":0,"withoutPlayer":0,"maxRegions":0},{"name":"basement entry reversal","before":{"mode":"birds-eye","player":true,"mix":0.2257624032771961,"fade":1,"rock":1,"eyeY":19.5,"ceiling":-8.25,"markers":0,"cuts":[-8.310000000000002]},"after":{"mode":"orbit","player":true,"mix":0,"fade":1,"rock":1,"eyeY":19.5,"ceiling":-8.25,"markers":0,"cuts":[-8.310000000000002]},"immediate":0,"immediateFade":0,"mixStep":0.008681266404950927,"fadeStep":0,"cutStep":0,"fadeError":1,"rockError":0,"capError":2.746582001833531e-7,"span":0,"changed":0,"direction":true,"blended":0,"withoutPlayer":0,"maxRegions":0},{"name":"basement carry entry","before":{"mode":"orbit","player":true,"mix":0,"fade":1,"rock":1,"eyeY":19.5,"ceiling":-8.25,"markers":0,"cuts":[-8.310000000000002]},"after":{"mode":"birds-eye","player":true,"mix":1,"fade":1,"rock":1,"eyeY":19.5,"ceiling":-8.25,"markers":4,"cuts":[-8.310000000000002]},"immediate":0,"immediateFade":0,"mixStep":0.038453109459026635,"fadeStep":0,"cutStep":0,"fadeError":0.9980613294222762,"rockError":0,"capError":2.746582001833531e-7,"span":0,"changed":0,"direction":true,"blended":0,"withoutPlayer":0,"maxRegions":0},{"name":"basement shoulder exit","before":{"mode":"birds-eye","player":true,"mix":1,"fade":1,"rock":1,"eyeY":19.5,"ceiling":-8.25,"markers":4,"cuts":[-8.310000000000002]},"after":{"mode":"shoulder","player":true,"mix":0,"fade":1,"rock":1,"eyeY":-7.9476992202538455,"ceiling":-8.25,"markers":0,"cuts":[-8.310000000000002]},"immediate":0,"immediateFade":0,"mixStep":0.049014234157437664,"fadeStep":0,"cutStep":0,"fadeError":1,"rockError":0,"capError":2.746582001833531e-7,"span":0,"changed":0,"direction":true,"blended":0,"withoutPlayer":0,"maxRegions":0},{"name":"basement shoulder entry","before":{"mode":"shoulder","player":true,"mix":0,"fade":1,"rock":1,"eyeY":-7.9476992202538455,"ceiling":-8.25,"markers":0,"cuts":[-8.310000000000002]},"after":{"mode":"birds-eye","player":true,"mix":1,"fade":1,"rock":1,"eyeY":8.500000000000002,"ceiling":-8.25,"markers":4,"cuts":[-8.310000000000002]},"immediate":0,"immediateFade":0,"mixStep":0.038453109459026635,"fadeStep":0,"cutStep":0,"fadeError":0.9980613294222762,"rockError":0,"capError":2.746582001833531e-7,"span":0,"changed":0,"direction":true,"blended":0,"withoutPlayer":0,"maxRegions":0},{"name":"cave roof exit","before":{"mode":"birds-eye","player":true,"mix":1,"fade":1,"rock":1,"eyeY":21,"ceiling":-8.25,"markers":4,"cuts":[2.8499999999999996,2.8499999999999996,2.8499999999999996,2.8499999999999996]},"after":{"mode":"orbit","player":true,"mix":0,"fade":0,"rock":0,"eyeY":21,"ceiling":-8.25,"markers":0,"cuts":[]},"immediate":0,"immediateFade":0,"mixStep":0.03845310945902658,"fadeStep":0.03845310945902658,"cutStep":0.5056583893862001,"fadeError":0,"rockError":0,"capError":0,"span":13.099012963805864,"changed":38,"direction":true,"blended":38,"withoutPlayer":0,"maxRegions":4},{"name":"cave roof entry","before":{"mode":"orbit","player":true,"mix":0,"fade":0,"rock":0,"eyeY":21,"ceiling":-8.25,"markers":0,"cuts":[]},"after":{"mode":"birds-eye","player":true,"mix":1,"fade":1,"rock":1,"eyeY":21,"ceiling":-8.25,"markers":4,"cuts":[2.8499999999999996,2.8499999999999996,2.8499999999999996,2.8499999999999996]},"immediate":0,"immediateFade":0,"mixStep":0.038453109459026635,"fadeStep":0.038453109459026635,"cutStep":0.5056583893862001,"fadeError":0,"rockError":0,"capError":0,"span":13.124506481902932,"changed":38,"direction":true,"blended":38,"withoutPlayer":0,"maxRegions":4}]
CHECK PASS carry orbit: upper floors stay hidden in both lower-level camera handoffs and return after shoulder settles {"out":true,"in":true,"settled":true,"hiddenMarkers":true}
CHECK PASS birds-eye combat: releasing the actor completes a bounded weather fade and upward rock scan after the camera stops following {"released":{"name":"basement actor release","before":{"mode":"birds-eye","player":true,"mix":1,"fade":1,"rock":1,"eyeY":8.500000000000002,"ceiling":-8.25,"markers":4,"cuts":[-8.310000000000002]},"after":{"mode":"detached","player":false,"mix":0,"fade":0,"rock":0,"eyeY":8.499999980000002,"ceiling":-8.25,"markers":0,"cuts":[]},"immediate":0,"immediateFade":0,"mixStep":1,"fadeStep":0.05555555555555558,"cutStep":1.3505555555555588,"fadeError":0.9444444444444444,"rockError":0,"capError":4.102918813586598e-7,"span":21.6088888888889,"changed":17,"direction":true,"blended":17,"withoutPlayer":17,"maxRegions":0},"restored":true}
DSB STEP 50590 (() => {
    const B = __ooga, S = BL.scene, root = S.createNode(), floor = BL.models.box({ w: 40, h: 0.2, d: 40, color: "#00ff00" });
    // One gree
DSB DONE 50672
CHECK PASS birds-eye combat: WebGL2 and Canvas cut a large roof only inside rotated regions, retain both outside portions and coplanar faces, and restore the original mesh [{"kind":"webgl2","covered":[[255,0,0,255],[255,0,0,255],[255,0,0,255],[255,0,0,255],[255,0,0,255]],"revealed":[[0,253,0,255],[0,253,0,255],[0,253,0,255],[0,253,0,255],[0,253,0,255]],"restored":[[255,0,0,255],[255,0,0,255],[255,0,0,255],[255,0,0,255],[255,0,0,255]],"selective":[[0,253,0,255],[0,253,0,255],[255,0,0,255],[255,0,0,255],[255,0,0,255]],"both":[[0,253,0,255],[0,253,0,255],[255,0,0,255],[255,0,0,255],[0,253,0,255]],"coplanar":[[255,0,0,255],[255,0,0,255],[255,0,0,255],[255,0,0,255],[255,0,0,255]],"preserved":[[255,0,0,255],[255,0,0,255],[255,0,0,255],[255,0,0,255],[255,0,0,255]],"ownMaximum":[[0,253,0,255],[0,253,0,255],[0,253,0,255],[0,253,0,255],[0,253,0,255]],"ownMinimum":[[0,253,0,255],[0,253,0,255],[0,253,0,255],[0,253,0,255],[0,253,0,255]],"weatherBefore":[[255,0,0,255],[255,0,0,255],[255,0,0,255],[255,0,0,255],[255,0,0,255]],"weatherHidden":[[0,253,0,255],[0,253,0,255],[0,253,0,255],[0,253,0,255],[0,253,0,255]],"weatherAfter":[[255,0,0,255],[255,0,0,255],[255,0,0,255],[255,0,0,255],[255,0,0,255]],"weatherFade":[{"fade":0,"pixel":[255,0,0,255]},{"fade":0.25,"pixel":[191.25,63.3125,0,255]},{"fade":0.5,"pixel":[127.5,126.65625,0,255]},{"fade":0.75,"pixel":[63.75,190.03125,0,255]},{"fade":1,"pixel":[0,253.34375,0,255]},{"fade":0.75,"pixel":[63.75,190.03125,0,255]},{"fade":0.5,"pixel":[127.5,126.65625,0,255]},{"fade":0.25,"pixel":[191.25,63.3125,0,255]},{"fade":0,"pixel":[255,0,0,255]}],"weatherUnchanged":true,"cloudBefore":[250,239,223,255],"cloudCut":[250,239,223,255],"cloudPreserved":true,"cloudLowered":[103,108,127,255],"cloudReference":[103,108,127,255],"cloudMiddle":[102,108,127,255],"cloudMiddleReference":[102,108,127,255],"cloudWorldUnchanged":true,"visible":true,"immutable":true},{"kind":"canvas2d","covered":[[255,0,0,255],[255,0,0,255],[255,0,0,255],[255,0,0,255],[255,0,0,255]],"revealed":[[0,255,0,255],[0,255,0,255],[0,255,0,255],[0,255,0,255],[0,255,0,255]],"restored":[[255,0,0,255],[255,0,0,255],[255,0,0,255],[255,0,0,255],[255,0,0,255]],"selective":[[0,255,0,255],[0,255,0,255],[255,0,0,255],[255,0,0,255],[255,0,0,255]],"both":[[0,255,0,255],[0,255,0,255],[255,0,0,255],[255,0,0,255],[0,255,0,255]],"coplanar":[[255,0,0,255],[255,0,0,255],[255,0,0,255],[255,0,0,255],[255,0,0,255]],"preserved":[[255,0,0,255],[255,0,0,255],[255,0,0,255],[255,0,0,255],[255,0,0,255]],"ownMaximum":[[0,255,0,255],[0,255,0,255],[0,255,0,255],[0,255,0,255],[0,255,0,255]],"ownMinimum":[[0,255,0,255],[0,255,0,255],[0,255,0,255],[0,255,0,255],[0,255,0,255]],"weatherBefore":[[255,0,0,255],[255,0,0,255],[255,0,0,255],[255,0,0,255],[255,0,0,255]],"weatherHidden":[[0,255,0,255],[0,255,0,255],[0,255,0,255],[0,255,0,255],[0,255,0,255]],"weatherAfter":[[255,0,0,255],[255,0,0,255],[255,0,0,255],[255,0,0,255],[255,0,0,255]],"weatherFade":[{"fade":0,"pixel":[255,0,0,255]},{"fade":0.25,"pixel":[191,64,0,255]},{"fade":0.5,"pixel":[128,127,0,255]},{"fade":0.75,"pixel":[64,191,0,255]},{"fade":1,"pixel":[0,255,0,255]},{"fade":0.75,"pixel":[64,191,0,255]},{"fade":0.5,"pixel":[128,127,0,255]},{"fade":0.25,"pixel":[191,64,0,255]},{"fade":0,"pixel":[255,0,0,255]}],"weatherUnchanged":true,"cloudBefore":[247,249,251,255],"cloudCut":[247,249,251,255],"cloudPreserved":true,"cloudLowered":[247,249,251,255],"cloudReference":[247,249,251,255],"cloudMiddle":[247,249,251,255],"cloudMiddleReference":[247,249,251,255],"cloudWorldUnchanged":true,"visible":true,"immutable":true}]
CHECK PASS birds-eye combat: preserved clouds survive local and global cuts, authored height limits still apply, and weather hides only during the render pass [{"kind":"webgl2","preserved":[[255,0,0,255],[255,0,0,255],[255,0,0,255],[255,0,0,255],[255,0,0,255]],"ownMaximum":[[0,253,0,255],[0,253,0,255],[0,253,0,255],[0,253,0,255],[0,253,0,255]],"ownMinimum":[[0,253,0,255],[0,253,0,255],[0,253,0,255],[0,253,0,255],[0,253,0,255]],"weatherHidden":[[0,253,0,255],[0,253,0,255],[0,253,0,255],[0,253,0,255],[0,253,0,255]],"weatherUnchanged":true,"cloudBefore":[250,239,223,255],"cloudCut":[250,239,223,255]},{"kind":"canvas2d","preserved":[[255,0,0,255],[255,0,0,255],[255,0,0,255],[255,0,0,255],[255,0,0,255]],"ownMaximum":[[0,255,0,255],[0,255,0,255],[0,255,0,255],[0,255,0,255],[0,255,0,255]],"ownMinimum":[[0,255,0,255],[0,255,0,255],[0,255,0,255],[0,255,0,255],[0,255,0,255]],"weatherHidden":[[0,255,0,255],[0,255,0,255],[0,255,0,255],[0,255,0,255],[0,255,0,255]],"weatherUnchanged":true,"cloudBefore":[247,249,251,255],"cloudCut":[247,249,251,255]}]
CHECK PASS birds-eye combat: WebGL2 and Canvas weather fade independently of rock cuts and reverse to the same coverage without mutating scene nodes or geometry {"weatherPreserved":true,"renderers":[{"kind":"webgl2","weatherFade":[{"fade":0,"pixel":[255,0,0,255]},{"fade":0.25,"pixel":[191.25,63.3125,0,255]},{"fade":0.5,"pixel":[127.5,126.65625,0,255]},{"fade":0.75,"pixel":[63.75,190.03125,0,255]},{"fade":1,"pixel":[0,253.34375,0,255]},{"fade":0.75,"pixel":[63.75,190.03125,0,255]},{"fade":0.5,"pixel":[127.5,126.65625,0,255]},{"fade":0.25,"pixel":[191.25,63.3125,0,255]},{"fade":0,"pixel":[255,0,0,255]}],"weatherUnchanged":true},{"kind":"canvas2d","weatherFade":[{"fade":0,"pixel":[255,0,0,255]},{"fade":0.25,"pixel":[191,64,0,255]},{"fade":0.5,"pixel":[128,127,0,255]},{"fade":0.75,"pixel":[64,191,0,255]},{"fade":1,"pixel":[0,255,0,255]},{"fade":0.75,"pixel":[64,191,0,255]},{"fade":0.5,"pixel":[128,127,0,255]},{"fade":0.25,"pixel":[191,64,0,255]},{"fade":0,"pixel":[255,0,0,255]}],"weatherUnchanged":true}]}
CHECK PASS birds-eye combat: low-floor clouds render below the camera with a continuous visual offset while their world transforms and physical positions remain unchanged [{"kind":"webgl2","cloudLowered":[103,108,127,255],"cloudReference":[103,108,127,255],"cloudMiddle":[102,108,127,255],"cloudMiddleReference":[102,108,127,255],"cloudWorldUnchanged":true},{"kind":"canvas2d","cloudLowered":[247,249,251,255],"cloudReference":[247,249,251,255],"cloudMiddle":[247,249,251,255],"cloudMiddleReference":[247,249,251,255],"cloudWorldUnchanged":true}]
CHECK PASS birds-eye lower floors: clean console 50.7s 
SLOW hub took 51.1 s against a 25 s budget
DSB STEP 30 (() => { const B=window.__ooga;return {scene:B?.scene,frames:B?.renderedFrames||0,curtain:!!document.getElementById("curtain"),renderer:B?.renderer?.k
DSB DONE 31
DSB STEP 73 (() => { const B=window.__ooga;return {scene:B?.scene,frames:B?.renderedFrames||0,curtain:!!document.getElementById("curtain"),renderer:B?.renderer?.k
DSB DONE 74
DSB STEP 116 (() => { const B=window.__ooga;return {scene:B?.scene,frames:B?.renderedFrames||0,curtain:!!document.getElementById("curtain"),renderer:B?.renderer?.k
DSB DONE 117
DSB STEP 159 (() => { const B=window.__ooga;return {scene:B?.scene,frames:B?.renderedFrames||0,curtain:!!document.getElementById("curtain"),renderer:B?.renderer?.k
DSB DONE 160
DSB STEP 200 (() => { const B=window.__ooga;return {scene:B?.scene,frames:B?.renderedFrames||0,curtain:!!document.getElementById("curtain"),renderer:B?.renderer?.k
DSB DONE 200
DSB STEP 242 (() => { const B=window.__ooga;return {scene:B?.scene,frames:B?.renderedFrames||0,curtain:!!document.getElementById("curtain"),renderer:B?.renderer?.k
DSB DONE 243
DSB STEP 285 (() => { const B=window.__ooga;return {scene:B?.scene,frames:B?.renderedFrames||0,curtain:!!document.getElementById("curtain"),renderer:B?.renderer?.k
DSB DONE 285
DSB STEP 327 (() => { const B=window.__ooga;return {scene:B?.scene,frames:B?.renderedFrames||0,curtain:!!document.getElementById("curtain"),renderer:B?.renderer?.k
DSB STEP 386 (() => { const B=window.__ooga;return {scene:B?.scene,frames:B?.renderedFrames||0,curtain:!!document.getElementById("curtain"),renderer:B?.renderer?.k
DSB DONE 4539
DSB STEP 4581 (() => { const B=window.__ooga;return {scene:B?.scene,frames:B?.renderedFrames||0,curtain:!!document.getElementById("curtain"),renderer:B?.renderer?.k
DSB DONE 4591
DSB STEP 4632 (() => { const B=window.__ooga;return {scene:B?.scene,frames:B?.renderedFrames||0,curtain:!!document.getElementById("curtain"),renderer:B?.renderer?.k
DSB DONE 4638
DSB STEP 4680 (() => { const B=window.__ooga;return {scene:B?.scene,frames:B?.renderedFrames||0,curtain:!!document.getElementById("curtain"),renderer:B?.renderer?.k
DSB DONE 4689
DSB STEP 4730 (() => { const B=window.__ooga;return {scene:B?.scene,frames:B?.renderedFrames||0,curtain:!!document.getElementById("curtain"),renderer:B?.renderer?.k
DSB DONE 4739
DSB STEP 4739 new Promise((resolve) => { const t0 = performance.now(); const tick = () => { if (window.BL.scene.tweenCount() === 0 || performance.now() - t0 > 4000)
DSB DONE 4856
DSB STEP 4856 (() => {
    const B = window.__ooga, j = B.jumbotron, data = window.BL.jumbotronData;
    j.goToView(0);
    const captions = [];
    for (let i = 0;
DSB DONE 4963
CHECK PASS hub jumbotron: the island rotates org activity, readers filter repositories, and attributed users appear once with saved alias selections restored {"count":7,"captions":["Recent activity","Org totals","org · commits","org · prs","org · reviews","org · comments","org · issues"],"wrapped":"Recent activity","differs":true,"filtered":true,"ownerOnly":true,"restoredOwner":true}
CHECK PASS hub jumbotron: a draft PR draws a different ticker row than the same PR undrafted {"differs":true}
CHECK PASS hub jumbotron: clean console 5.0s 
DSB STEP 4963 (() => { const B = window.__ooga, G = B.matrixGate, M = B.mirrorCave, W = B.renderOpts.matrix, D = BL.scenes.hub.debug.matrixCave, m = M.mouth, g = M.
DSB DONE 23638
CHECK PASS hub matrix: pushing the glyphed room lever up lights its green accents, raises the mirror's bars and spreads the glyph wave; pulling it down reverses each change {"before":{"near":true,"pressed":false,"lever":2.72,"bars":0,"wave":1,"radius":36,"glyphs":1,"frame":false,"arm":false},"pressedIn":true,"on":{"pressed":true,"lever":0.42,"bars":3.2,"wave":1,"radius":38,"glyphs":1,"lights":true,"grip":true,"frame":false,"arm":false},"tiers":[{"quality":"high","density":1,"coverage":0.6593446690505729},{"quality":"medium","density":1,"coverage":0.6587608552871634},{"quality":"low","density":1,"coverage":0.6587608552871634}],"pressedOut":true,"off":{"pressed":false,"lever":2.72,"bars":0,"wave":1,"radius":38,"glyphs":1,"lights":false,"grip":false,"frame":false,"arm":false},"away":{"inside":false,"wave":0,"radius":0,"glyphs":0},"pressedIn2":true,"held":{"inside":false,"wave":1,"radius":38,"glyphs":1},"pressedOut2":true,"off2":{"inside":false,"wave":0,"radius":0,"glyphs":0}}
CHECK PASS hub matrix: high, medium and low WebGL quality retain all glyph lanes instead of exposing black backing panels [{"quality":"high","density":1,"coverage":0.6593446690505729},{"quality":"medium","density":1,"coverage":0.6587608552871634},{"quality":"low","density":1,"coverage":0.6587608552871634}]
DSB STEP 23638 (() => { const B = __ooga, D = BL.scenes.hub.debug, skip = new Set(["c730", "c5"]), rooms = new Map(B.mouths.map(mouth => [mouth.id, mouth.room])); re
DSB DONE 23653
CHECK PASS hub caves: every ordinary carved chamber feeds complete Matrix surfaces, fitted bird's-eye roof regions and the two sealed caves' seals {"caves":[{"id":"c11","terrain":203,"counts":{"floor":2980,"ceiling":2933,"wall":6406,"prop":5049}},{"id":"c10","terrain":206,"counts":{"floor":2980,"ceiling":2933,"wall":6406,"prop":304}},{"id":"c9","terrain":93,"counts":{"floor":2998,"ceiling":2957,"wall":5817,"prop":304}},{"id":"c1","terrain":201,"counts":{"floor":2980,"ceiling":2933,"wall":6406,"prop":1384}},{"id":"c2","terrain":206,"counts":{"floor":2980,"ceiling":2933,"wall":6406,"prop":6325}},{"id":"c3","terrain":53,"counts":{"floor":2802,"ceiling":2761,"wall":5627,"prop":4650}}],"regions":[{"id":"c11","width":3.575,"depth":4.175,"expectedWidth":3.575,"expectedDepth":4.175},{"id":"c1","width":3.575,"depth":4.175,"expectedWidth":3.575,"expectedDepth":4.175},{"id":"c2","width":3.575,"depth":4.175,"expectedWidth":3.575,"expectedDepth":4.175},{"id":"c3","width":3.7,"depth":4.175,"expectedWidth":3.7,"expectedDepth":4.175}],"sealed":[{"id":"c10","visible":true,"stop":0.535},{"id":"c9","visible":true,"stop":0.535}]}
CHECK PASS hub matrix: clean console 23.7s 
DSB STEP 23653 (() => { const B = window.__ooga, M = B.mirrorCave, g = M.gate, w = M.node.world, G = B.matrixGate, m = M.mouth; const A = { x: m.x + Math.sin(m.ry) *
DSB DONE 28073
CHECK PASS hub mirror: 499 damage leaves it whole and locked, 500 shatters it open with its gate unlocked and the glyph hint stopped, and it is still broken after a trip away {"before":{"broken":false,"locked":true,"hint":true},"whole":{"broken":false,"locked":true},"after":{"broken":true,"shattered":true,"locked":false,"reveal":1,"hint":false,"frozen":true},"back":{"broken":true,"shattered":true,"locked":false,"reveal":1,"hint":false}}
CHECK PASS hub mirror: clean console 28.1s 
SLOW hub took 28.7 s against a 25 s budget

278/278 checks passed in 3.8 min
